Year,Champions League,Europa League,England,Scotland,Wales,Northern Ireland,Republic of Ireland,France,Belgium,Germany,Netherlands,Spain,Portugal,Italy,Austria,Switzerland,Denmark,Poland,Czech Republic,Hungary,Iceland,Norway,Sweden,Russia,Russia,Belarus,Ukraine,Estonia,Lithuania,Latvia,Moldova,Romania,Bulgaria,Turkey,Greece,Albania,Macedonia,Montenegro,Kosovo,Serbia,Bosnia and Herzegovina,Croatia,Slovenia,Slovakia,Andorra,Armenia,Azerbaijan,Cyprus,Faroe Islands,East Germany,Georgia,Gibraltar,Israel,Liechtenstein,Luxembourg,Malta,San Marino,Finland
2019,Liverpool,Chelsea,Manchester City,Celtic FC,The New Saints,Linfield FC,Dundalk FC,Paris Saint-Germain,KRC Genk,Bayern München,Ajax,FC Barcelona,SL Benfica,Juventus,RB Salzburg,BSC Young Boys,FC København,Lechia Gdańsk,Slavia Praha,Ferencvaros,KR Reykjavík,,,Zenit St. Petersburg,,,Shakhtar Donetsk,,,,FC Sheriff,CFR Cluj,PFC Ludogorets Razgrad,Galatasaray,PAOK Saloniki,FK Partizani,KF Shkëndija 79,FK Sutjeska,KF Feronikeli,Crvena Zvezda,FK Sarajevo,Dinamo Zagreb,NK Maribor,Slovan Bratislava,FC Santa Coloma,Ararat-Armenia,Qarabağ FK,APOEL Nikosia,,,,Lincoln Red Imps,Maccabi Tel Aviv,,F91 Dudelange,Valletta FC,SP Tre Penne,Kuopion PS
2018,"
Real Madrid",Atletico Madrid,Manchester City,Celtic FC,The New Saints,Crusaders FC,Dundalk FC,Paris Saint-Germain,Club Brugge KV,Bayern München,PSV Eindhoven,FC Barcelona,FC Porto,Juventus,RB Salzburg,BSC Young Boys,FC Midtjylland,Legia Warszawa,Viktoria Plzeň,Videoton FC,Valur Reykjavík,Rosenborg BK,AIK Solna,Lokomotiv Moskva,,BATE Borisov,Shakhtar Donetsk,JK Nõmme Kalju,FK Sūduva,Riga FC,FC Sheriff,CFR Cluj,PFC Ludogorets Razgrad,Galatasaray,AEK Athen,KF Skënderbeu,KF Shkëndija 79,FK Sutjeska,Drita Gjilan,Crvena Zvezda,Zrinjski Mostar,Dinamo Zagreb,NK Maribor,Spartak Trnava,FC Santa Coloma,FC Alashkert,Qarabağ FK,APOEL Nikosia,HB Tórshavn,,FC Saburtalo,Lincoln Red Imps,Hapoel Be'er Sheva,FC Vaduz,F91 Dudelange,Valletta FC,SP La Fiorita,HJK Helsinki
2017,"
Real Madrid",Manchester United,Chelsea FC,Celtic FC,The New Saints,Linfield FC,Cork City,AS Monaco,RSC Anderlecht,Bayern München,Feyenoord,Real Madrid,SL Benfica,Juventus,RB Salzburg,FC Basel,FC København,Legia Warszawa,Slavia Praha,Budapest Honvéd,Valur Reykjavík,Rosenborg BK,Malmö FF,Spartak Moskva,,BATE Borisov,Shakhtar Donetsk,FC Flora,FK Sūduva,FK Spartaks,FC Sheriff,FC Viitorul Constanța,PFC Ludogorets Razgrad,Beşiktaş,Olympiakos Piräus,FK Kukësi,Vardar Skopje,FK Budućnost Podgorica,KF Trepça'89,Partizan,Zrinjski Mostar,HNK Rijeka,NK Maribor,MŠK Žilina,FC Santa Coloma,FC Alashkert,Qarabağ FK,APOEL Nikosia,Víkingur,,Torpedo Kutaisi,Europa FC,Hapoel Be'er Sheva,FC Vaduz,F91 Dudelange,Hibernians FC,SP La Fiorita,HJK Helsinki
2016,"
Real Madrid",Sevilla  ,Leicester City,Celtic FC,The New Saints,Crusaders FC,Dundalk FC,Paris Saint-Germain,Club Brugge KV,Bayern München,PSV Eindhoven,FC Barcelona,SL Benfica,Juventus,RB Salzburg,FC Basel,FC København,Legia Warszawa,Viktoria Plzeň,Ferencvárosi TC,FH Hafnarfjörður,Rosenborg BK,Malmö FF,CSKA Moskva,,BATE Borisov,Dinamo Kiev,FC Infonet,FK Žalgiris,FK Spartaks,FC Sheriff,Astra Giurgiu,PFC Ludogorets Razgrad,Beşiktaş,Olympiakos Piräus,KF Skënderbeu,Vardar Skopje,Mladost Podgorica,KF Feronikeli,Crvena Zvezda,Zrinjski Mostar,Dinamo Zagreb,Olimpija Ljubljana,FK AS Trenčín,FC Santa Coloma,FC Alashkert,Qarabağ FK,APOEL Nikosia,Víkingur,,FC Samtredia and Dinamo Tbilisi,Lincoln Red Imps,Hapoel Be'er Sheva,FC Vaduz,F91 Dudelange,Valletta FC,SP Tre Penne,IFK Mariehamn
2015,"
Barcelona",Sevilla  ,Chelsea FC,Celtic FC,The New Saints,Crusaders FC,Dundalk FC,Paris Saint-Germain,KAA Gent,Bayern München,PSV Eindhoven,FC Barcelona,SL Benfica,Juventus,RB Salzburg,FC Basel,FC Midtjylland,Lech Poznań,Viktoria Plzeň,Videoton FC,FH Hafnarfjörður,Rosenborg BK,IFK Norrköping,Zenit St. Petersburg,,BATE Borisov,Dinamo Kiev,FC Flora,FK Žalgiris,FK Liepāja,FC Milsami,Steaua Bucureşti,PFC Ludogorets Razgrad,Galatasaray,Olympiakos Piräus,KF Skënderbeu,Vardar Skopje,FK Rudar Pljevlja,KF Feronikeli,Partizan,FK Sarajevo,Dinamo Zagreb,NK Maribor,FK AS Trenčín,FC Santa Coloma,Pyunik FC,Qarabağ FK,APOEL Nikosia,B36 Tórshavn,,Dila Gori,Lincoln Red Imps,Maccabi Tel Aviv,FC Vaduz,CS FOLA Esch,Hibernians FC,SS Folgore/Falciano,SJK Seinäjoki
2014,"
Real Madrid",Sevilla  ,Manchester City,Celtic FC,The New Saints,Cliftonville FC,Dundalk FC,Paris Saint-Germain,RSC Anderlecht,Bayern München,AFC Ajax,Atlético Madrid,SL Benfica,Juventus,RB Salzburg,FC Basel,Aalborg BK,Legia Warszawa,Sparta Praha,Debreceni VSC,UMF Stjarnan,Molde FK,Malmö FF,CSKA Moskva,,BATE Borisov,Shakhtar Donetsk,FC Levadia,VMFD Žalgiris,FK Ventspils,FC Sheriff,Steaua Bucureşti,PFC Ludogorets Razgrad,Fenerbahçe,Olympiakos Piräus,KF Skënderbeu,FK Rabotnički,FK Sutjeska,Llamkos Kosova,Crvena Zvezda,Zrinjski Mostar,Dinamo Zagreb,NK Maribor,Slovan Bratislava,FC Santa Coloma,FC Banants,Qarabağ FK,APOEL Nikosia,B36 Tórshavn,,Dinamo Tbilisi,Lincoln Red Imps,Maccabi Tel Aviv,FC Vaduz,F91 Dudelange,Valletta FC,SP La Fiorita,HJK Helsinki
2013,"
Bayern Munich",Chelsea  ,Manchester United,Celtic FC,The New Saints,Cliftonville FC,St Patrick's Athletic,Paris Saint-Germain,RSC Anderlecht,Bayern München,AFC Ajax,FC Barcelona,FC Porto,Juventus,Austria Wien,FC Basel,FC København,Legia Warszawa,Viktoria Plzeň,Györi ETO FC,KR Reykjavík,Strømsgodset IF,Malmö FF,CSKA Moskva,,BATE Borisov,Shakhtar Donetsk,FC Levadia,FK Ekranas,FK Ventspils,FC Sheriff,Steaua Bucureşti,PFC Ludogorets Razgrad,Galatasaray,Olympiakos Piräus,KF Skënderbeu,Vardar Skopje,FK Sutjeska,Prishtina KF,Partizan,Željezničar Sarajevo,Dinamo Zagreb,NK Maribor,Slovan Bratislava,FC Lusitanos la Posa,Shirak FC,Neftçi PFK,APOEL Nikosia,HB Tórshavn,,Dinamo Tbilisi,Lincoln Red Imps,Maccabi Tel Aviv,FC Vaduz,CS FOLA Esch,Birkirkara FC,SP Tre Penne,HJK Helsinki
2012,"
Chelsea",Atletico Madrid,Manchester City,Celtic FC,The New Saints,Linfield FC,Sligo Rovers,Montpellier HSC,RSC Anderlecht,Borussia Dortmund,AFC Ajax,Real Madrid,FC Porto,Juventus,RB Salzburg,FC Basel,FC Nordsjælland,Śląsk Wrocław,Slovan Liberec,Debreceni VSC,FH Hafnarfjörður,Molde FK,IF Elfsborg,Zenit St. Petersburg,,BATE Borisov,Shakhtar Donetsk,JK Nõmme Kalju,FK Ekranas,FC Daugava,FC Sheriff,CFR Cluj,PFC Ludogorets Razgrad,Galatasaray,Olympiakos Piräus,KF Skënderbeu,Vardar Skopje,FK Budućnost Podgorica,Prishtina KF,Partizan,Željezničar Sarajevo,Dinamo Zagreb,NK Maribor,MŠK Žilina,FC Lusitanos la Posa,Ulisses FC,Neftçi PFK,AEL Limassol,EB/Streymur,,FC Zestafoni,Lincoln Red Imps,Ironi Kiryat Shmona,USV Eschen/Mauren,F91 Dudelange,Valletta FC,SP Tre Penne,HJK Helsinki
2011,"
Barcelona",Porto    ,Manchester United,Rangers FC,Bangor City,Linfield FC,Shamrock Rovers,Lille OSC,KRC Genk,Borussia Dortmund,AFC Ajax,FC Barcelona,FC Porto,AC Milan,Sturm Graz,FC Basel,FC København,Wisła Kraków,Viktoria Plzeň,Videoton FC,KR Reykjavík,Molde FK,Helsingborgs IF,,,BATE Borisov,Shakhtar Donetsk,FC Flora,FK Ekranas,FK Ventspils,Dacia Chişinău,Oţelul Galaţi,PFC Litex Lovech,Fenerbahçe,Olympiakos Piräus,KF Skënderbeu,KF Shkëndija 79,FK Mogren Budva,KF Hysi,Partizan,Borac Banja Luka,Dinamo Zagreb,NK Maribor,Slovan Bratislava,FC Santa Coloma,Pyunik FC,Neftçi PFK,APOEL Nikosia,B36 Tórshavn,,FC Zestafoni,Lincoln Red Imps,Maccabi Haifa,FC Vaduz,F91 Dudelange,Valletta FC,SP Tre Fiori,HJK Helsinki
2010,"
Inter Milan",Atletico Madrid,Chelsea FC,Rangers FC,The New Saints,Linfield FC,Shamrock Rovers,Olympique Marseille,RSC Anderlecht,Bayern München,FC Twente,FC Barcelona,SL Benfica,Inter,RB Salzburg,FC Basel,FC København,Lech Poznań,Sparta Praha,Debreceni VSC,Breiðablik,Rosenborg BK,Malmö FF,Zenit St. Petersburg,,BATE Borisov,Shakhtar Donetsk,FC Flora,FK Ekranas,Skonto FC,FC Sheriff,CFR Cluj,PFC Litex Lovech,Bursaspor,Panathinaikos,FK Dinamo Tirana,FK Renova,FK Rudar Pljevlja,KF Trepça,Partizan,Željezničar Sarajevo,Dinamo Zagreb,FC Koper,MŠK Žilina,FC Santa Coloma,Pyunik FC,Inter Baku,Omonia Nikosia,HB Tórshavn,,Metalurgi Rustavi,Lincoln Red Imps,Hapoel Tel Aviv,FC Vaduz,Jeunesse Esch,Birkirkara FC,SP Tre Fiori,HJK Helsinki
2009,"
Barcelona",Shakhtar Donetsk,Manchester United,Rangers FC,Rhyl FC,Glentoran Belfast,Bohemian FC,Girondins Bordeaux,Standard Liège,VfL Wolfsburg,AZ Alkmaar,FC Barcelona,FC Porto,Inter,RB Salzburg,FC Zürich,FC København,Wisła Kraków,Slavia Praha,Debreceni VSC,FH Hafnarfjörður,Rosenborg BK,AIK Solna,Rubin Kazan,,BATE Borisov,Dinamo Kiev,FC Levadia,FK Ekranas,FK Liepājas Metalurgs,FC Sheriff,FC Unirea,Levski Sofia,Beşiktaş,Olympiakos Piräus,KF Tiranë,Makedonija GP,FK Mogren Budva,Prishtina KF,Partizan,Zrinjski Mostar,Dinamo Zagreb,NK Maribor,Slovan Bratislava,UE Sant Julià,Pyunik FC,FK Baku,APOEL Nikosia,HB Tórshavn,,WIT Georgia,Lincoln Red Imps,Maccabi Haifa,FC Vaduz,F91 Dudelange,Hibernians FC,SP Tre Fiori,HJK Helsinki
2008,"
Manchester United",Zenit St Petersburg         ,Manchester United,Celtic FC,Llanelli AFC,Linfield FC,Bohemian FC,Olympique Lyon,Standard Liège,Bayern München,PSV Eindhoven,Real Madrid,FC Porto,Inter,Rapid Wien,FC Basel,Aalborg BK,Wisła Kraków,Slavia Praha,MTK Budapest,FH Hafnarfjörður,Stabæk IF,Kalmar FF,Rubin Kazan,,BATE Borisov,Shakhtar Donetsk,FC Levadia,FK Ekranas,FK Ventspils,FC Sheriff,CFR Cluj,CSKA Sofia,Galatasaray,Olympiakos Piräus,FK Dinamo Tirana,FK Rabotnički,FK Budućnost Podgorica,Prishtina KF,Partizan,Modriča Maksima,Dinamo Zagreb,NK Domžale,Artmedia Petržalka,FC Santa Coloma,Pyunik FC,Inter Baku,Anorthosis Famagusta FC,EB/Streymur,,Dinamo Tbilisi,Lincoln Red Imps,Beitar Jerusalem,FC Vaduz,F91 Dudelange,Valletta FC,SS Murata,Inter Turku
2007,"
AC Milan",Sevilla  ,Manchester United,Celtic FC,The New Saints,Linfield FC,Drogheda United,Olympique Lyon,RSC Anderlecht,VfB Stuttgart,PSV Eindhoven,Real Madrid,FC Porto,Inter,RB Salzburg,FC Zürich,FC København,Zagłębie Lubin,Sparta Praha,Debreceni VSC,Valur Reykjavík,SK Brann,IFK Göteborg,Zenit St. Petersburg,,BATE Borisov,Dinamo Kiev,FC Levadia,FBK Kaunas,FK Ventspils,FC Sheriff,Dinamo Bucureşti,Levski Sofia,Fenerbahçe,Olympiakos Piräus,KF Tiranë,FK Pobeda,FK Zeta,Besa Pejë,Crvena Zvezda,FK Sarajevo,Dinamo Zagreb,NK Domžale,MŠK Žilina,FC Rànger's,Pyunik FC,Khazar Lankaran,APOEL Nikosia,NSÍ Runavík,,Metalurgi Rustavi,Newcastle FC,Beitar Jerusalem,FC Vaduz,F91 Dudelange,Marsaxlokk FC,SS Murata,Tampere United
2006,"
Barcelona",Sevilla  ,Chelsea FC,Celtic FC,TNS Llansantffraid,Linfield FC,Shelbourne FC,Olympique Lyon,RSC Anderlecht,Bayern München,PSV Eindhoven,FC Barcelona,FC Porto,Inter,Austria Wien,FC Zürich,FC København,Legia Warszawa,Slovan Liberec,Debreceni VSC,FH Hafnarfjörður,Rosenborg BK,IF Elfsborg,CSKA Moskva,,BATE Borisov,Shakhtar Donetsk,FC Levadia,FBK Kaunas,FK Ventspils,FC Sheriff,Steaua Bucureşti,Levski Sofia,Galatasaray,Olympiakos Piräus,KF Elbasani,FK Rabotnički,,Besa Pejë,Crvena Zvezda,Široki Brijeg,Dinamo Zagreb,ND Gorica,MFK Ružomberok,FC Rànger's,Pyunik FC,FK Baku,Apollon Limassol,HB Tórshavn,,Sioni Bolnisi,Newcastle FC,Maccabi Haifa,FC Vaduz,F91 Dudelange,Birkirkara FC,SS Murata,Tampere United
2005,"
Liverpool",CSKA Moscow,Chelsea FC,Rangers FC,TNS Llansantffraid,Glentoran Belfast,Cork City,Olympique Lyon,Club Brugge KV,Bayern München,PSV Eindhoven,FC Barcelona,SL Benfica,No Champion,Rapid Wien,FC Basel,Brøndby IF,Wisła Kraków,Sparta Praha,Debreceni VSC,FH Hafnarfjörður,Vålerenga IF,Djurgårdens IF,CSKA Moskva,,Shakhter Soligorsk,Shakhtar Donetsk,FC TVMK,FK Ekranas,FK Liepājas Metalurgs,FC Sheriff,Steaua Bucureşti,CSKA Sofia,Fenerbahçe,Olympiakos Piräus,KF Tiranë,FK Rabotnički,,Besa Pejë,Partizan,Zrinjski Mostar,Hajduk Split,ND Gorica,Artmedia Petržalka,UE Sant Julià,Pyunik FC,Neftçi PFK,Anorthosis Famagusta FC,B36 Tórshavn,,Dinamo Tbilisi,Newcastle FC,Maccabi Haifa,FC Vaduz,F91 Dudelange,Sliema Wanderers,FC Domagnano,MyPa Anjalankoski
2004,"
FC Porto",Valencia ,Arsenal FC,Celtic FC,Rhyl FC,Linfield FC,Shelbourne FC,Olympique Lyon,RSC Anderlecht,Werder Bremen,AFC Ajax,Valencia CF,FC Porto,AC Milan,Grazer AK,FC Basel,FC København,Wisła Kraków,Baník Ostrava,Ferencvárosi TC,FH Hafnarfjörður,Rosenborg BK,Malmö FF,Lokomotiv Moskva,,Dinamo Minsk,Dinamo Kiev,FC Levadia,FBK Kaunas,Skonto FC,FC Sheriff,Dinamo Bucureşti,Lokomotiv Plovdiv,Fenerbahçe,Panathinaikos,KF Tiranë,FK Pobeda,,Prishtina KF,Crvena Zvezda,Široki Brijeg,Hajduk Split,ND Gorica,MŠK Žilina,FC Santa Coloma,Pyunik FC,Neftçi PFK,APOEL Nikosia,HB Tórshavn,,WIT Georgia,Newcastle FC,Maccabi Haifa,FC Vaduz,Jeunesse Esch,Sliema Wanderers,SS Pennarossa,Haka Valkeakoski
2003,"
AC Milan",Porto    ,Manchester United,Rangers FC,Barry Town FC,Glentoran Belfast,Bohemian FC and Shelbourne FC,Olympique Lyon,Club Brugge KV,Bayern München,PSV Eindhoven,Real Madrid,FC Porto,Juventus,Austria Wien,Grasshopper Club Zürich,FC København,Wisła Kraków,Sparta Praha,MTK Hungaria,KR Reykjavík,Rosenborg BK,Djurgårdens IF,CSKA Moskva,,FK Gomel,Dinamo Kiev,FC Flora,FBK Kaunas,Skonto FC,FC Sheriff,Rapid Bucureşti,CSKA Sofia,Beşiktaş,Olympiakos Piräus,KF Tiranë,Vardar Skopje,,Drita Gjilan,Partizan,Leotar Trebinje,Dinamo Zagreb,NK Maribor,MŠK Žilina,FC Santa Coloma,Pyunik FC,,Omonia Nikosia,HB Tórshavn,,Dinamo Tbilisi,Newcastle FC,Maccabi Tel Aviv,FC Vaduz,CS Grevenmacher,Sliema Wanderers,FC Domagnano,HJK Helsinki
2002,"
Real Madrid",Feyenoord,Arsenal FC,Celtic FC,Barry Town FC,Portadown FC,Shelbourne FC,Olympique Lyon,KRC Genk,Borussia Dortmund,AFC Ajax,Valencia CF,Sporting CP,Juventus,FC Tirol Innsbruck,FC Basel,Brøndby IF,Legia Warszawa,Slovan Liberec,Zalaegerszegi TE,KR Reykjavík,Rosenborg BK,Djurgårdens IF,Lokomotiv Moskva,,BATE Borisov,Shakhtar Donetsk,FC Flora,FBK Kaunas,Skonto FC,FC Sheriff,Dinamo Bucureşti,Levski Sofia,Galatasaray,Olympiakos Piräus,FK Dinamo Tirana,Vardar Skopje,,Besiana Podujevë,Partizan,Željezničar Sarajevo,NK Zagreb,NK Maribor,MŠK Žilina,FC Encamp,Pyunik FC,,APOEL Nikosia,HB Tórshavn,,Torpedo Kutaisi,Gibraltar United FC,Maccabi Haifa,FC Vaduz,F91 Dudelange,Hibernians FC,FC Domagnano,HJK Helsinki
2001,"
Bayern Munich",Liverpool,Manchester United,Celtic FC,Barry Town FC,Linfield FC,Bohemian FC,FC Nantes,RSC Anderlecht,Bayern München,PSV Eindhoven,Real Madrid,Boavista,AS Roma,FC Tirol Innsbruck,Grasshopper Club Zürich,FC København,Wisła Kraków,Sparta Praha,Ferencvárosi TC,ÍA Akranes,Rosenborg BK,Hammarby IF,Spartak Moskva,,Belshina Bobruisk,Dinamo Kiev,FC Flora,FBK Kaunas,Skonto FC,FC Sheriff,Steaua Bucureşti,Levski Sofia,Fenerbahçe,Olympiakos Piräus,FK Vllaznia,FK Sloga Jugomagnat,,Prishtina KF,Crvena Zvezda,Željezničar Sarajevo,Hajduk Split,NK Maribor,Inter Slovnaft Bratislava,FC Santa Coloma,Araks Ararat,Shamkir FK,Omonia Nikosia,B36 Tórshavn,,Torpedo Kutaisi,Lincoln ABG FC,Maccabi Haifa,FC Vaduz,F91 Dudelange,Valletta FC,SS Cosmos,Tampere United
2000,"
Real Madrid",Galatasaray,Manchester United,Rangers FC,TNS Llansantffraid,Linfield FC,Shelbourne FC,AS Monaco,RSC Anderlecht,Bayern München,PSV Eindhoven,Deportivo La Coruña,Sporting CP,Lazio Roma,FC Tirol Innsbruck,FC St. Gallen,Herfølge BK,Polonia Warszawa,Sparta Praha,Dunaferr SE,KR Reykjavík,Rosenborg BK,Halmstads BK,Spartak Moskva,,FK Slavia Mozyr,Dinamo Kiev,Levadia Maardu,FBK Kaunas,Skonto FC,FC Zimbru,Dinamo Bucureşti,Levski Sofia,Galatasaray,Olympiakos Piräus,KF Tiranë,FK Sloga Jugomagnat,,Prishtina KF,Crvena Zvezda,NK Brotnjo,Croatia Zagreb,Maribor Teatanic,Inter Slovnaft Bratislava,Constel-lacio Esportiva,Shirak FC,Shamkir FK,Anorthosis Famagusta FC,VB Vágur,,Torpedo Kutaisi,Glacis United FC,Hapoel Tel Aviv,FC Vaduz,F91 Dudelange,Birkirkara FC,SS Folgore/Falciano,Haka Valkeakoski
1999,"
Manchester United",Parma    ,Manchester United,Rangers FC,Barry Town FC,Glentoran Belfast,St Patrick's Athletic,Girondins Bordeaux,KRC Genk,Bayern München,Feyenoord,FC Barcelona,FC Porto,AC Milan,Sturm Graz,Servette Genève,Aalborg BK,Wisła Kraków,Sparta Praha,MTK Hungaria,KR Reykjavík,Rosenborg BK,Helsingborgs IF,Spartak Moskva,,BATE Borisov,Dinamo Kiev,Levadia Maardu,FK Zalgiris,Skonto FC,FC Zimbru,Rapid Bucureşti,PFC Litex Lovech,Galatasaray,Olympiakos Piräus,KF Tiranë,FK Sloga Jugomagnat,,,Partizan,FK Sarajevo,Croatia Zagreb,Maribor Teatanic,Slovan Bratislava,CE Principat,Tsement Ararat,FK Kapaz Gäncä,Anorthosis Famagusta FC,KÍ Klaksvík,,Dinamo Tbilisi,Manchester 62 FC,Hapoel Haifa,FC Vaduz,Jeunesse Esch,Valletta FC,SC Faetano,Haka Valkeakoski
1998,"
Real Madrid",Inter Milan,Arsenal FC,Celtic FC,Barry Town FC,Cliftonville FC,St Patrick's Athletic,RC Lens,Club Brugge KV,1. FC Kaiserslautern,AFC Ajax,FC Barcelona,FC Porto,Juventus,Sturm Graz,Grasshopper Club Zürich,Brøndby IF,ŁKS Łódź,Sparta Praha,Újpesti TE,ÍB Vestmannaeyja,Rosenborg BK,AIK Solna,Spartak Moskva,,Dnepr Mogilev,Dinamo Kiev,FC Flora,FK Kareda Siauliai,Skonto FC,FC Zimbru,Steaua Bucureşti,PFC Litex Lovech,Galatasaray,Olympiakos Piräus,FK Vllaznia,Sileks Kratovo,,,FK Obilić,Željezničar Sarajevo,Croatia Zagreb,Maribor Teatanic,1. FC Košice,CE Principat,FK Yerevan and Pyunik FC,FK Kapaz Gäncä,Anorthosis Famagusta FC,HB Tórshavn,,Dinamo Tbilisi,St. Theresas FC,Beitar Jerusalem,FC Vaduz,Jeunesse Esch,Valletta FC,SS Folgore/Falciano,Haka Valkeakoski
1997,"
Borussia Dortmund",Schalke 04,Manchester United,Rangers FC,Barry Town FC,Crusaders FC,Derry City,AS Monaco,Lierse SK,Bayern München,PSV Eindhoven,Real Madrid,FC Porto,Juventus,SV Austria Salzburg,FC Sion,Brøndby IF,Widzew Łódź,Sparta Praha,MTK FC,ÍB Vestmannaeyja,Rosenborg BK,Halmstads BK,Spartak Moskva,,Dinamo Minsk,Dinamo Kiev,Lantana Tallinn,FK Kareda Siauliai,Skonto FC,Constructorul Chişinău,Steaua Bucureşti,CSKA Sofia,Galatasaray,Olympiakos Piräus,KF Tiranë,Sileks Kratovo,,,Partizan,Čelik Zenica,Croatia Zagreb,NK Branik Maribor,1. FC Košice,CE Principat,Pyunik FC,Neftçi PFK,Anorthosis Famagusta FC,B36 Tórshavn,,Dinamo Tbilisi,Glacis United FC,Beitar Jerusalem,FC Balzers,Jeunesse Esch,Valletta FC,SS Folgore/Falciano,HJK Helsinki
1996,"
Juventus",Bayern Munich,Manchester United,Rangers FC,Barry Town FC,Portadown FC,St Patrick's Athletic,AJ Auxerre,Club Brugge KV,Borussia Dortmund,AFC Ajax,Atlético Madrid,FC Porto,AC Milan,Rapid Wien,Grasshopper Club Zürich,Brøndby IF,Widzew Łódź,Slavia Praha,Ferencvárosi TC,ÍA Akranes,Rosenborg BK,IFK Göteborg,Spartak Moskva,,MPKC Mozyr,Dinamo Kiev,Lantana Tallinn,Inkaras Kaunas,Skonto FC,FC Zimbru,Steaua Bucureşti,Slavia Sofia,Fenerbahçe,Panathinaikos,KF Tiranë,Sileks Kratovo,,,Partizan,Čelik Zenica,Croatia Zagreb,ND HIT Gorica,Slovan Bratislava,FC Encamp,FC Ararat,Neftçi PFK,APOEL Nikosia,GÍ Gøta,,Dinamo Tbilisi,St. Joseph's FC,Maccabi Tel Aviv,FC Vaduz,Jeunesse Esch,Sliema Wanderers,AC Libertas,FC Jazz Pori
1995,"
Ajax",Parma    ,Blackburn Rovers,Rangers FC,Bangor City,Crusaders FC,Dundalk FC,FC Nantes,RSC Anderlecht,Borussia Dortmund,AFC Ajax,Real Madrid,FC Porto,Juventus,SV Austria Salzburg,Grasshopper Club Zürich,Aalborg BK,Legia Warszawa,Sparta Praha,Ferencvárosi TC,ÍA Akranes,Rosenborg BK,IFK Göteborg,Spartak-Alania,,Dinamo Minsk,Dinamo Kiev,FC Flora,Inkaras Kaunas,Skonto FC,FC Zimbru,Steaua Bucureşti,Levski Sofia,Beşiktaş,Panathinaikos,KF Tiranë,Vardar Skopje,,,Crvena Zvezda,Čelik Zenica,Hajduk Split,Olimpija Ljubljana,Slovan Bratislava,,Shirak FC,FK Kapaz Gäncä,Anorthosis Famagusta FC,GÍ Gøta,,Dinamo Tbilisi,Manchester 62 FC,Maccabi Tel Aviv,FC Vaduz,Jeunesse Esch,Hibernians FC,SP Tre Fiori,Haka Valkeakoski
1994,"
AC Milan",Inter Milan,Manchester United,Rangers FC,Bangor City,Linfield FC,Shamrock Rovers,Paris Saint-Germain,RSC Anderlecht,Bayern München,AFC Ajax,FC Barcelona,SL Benfica,AC Milan,SV Austria Salzburg,Servette Genève,Silkeborg IF,Legia Warszawa,Sparta Praha,Vác FC-Samsung,ÍA Akranes,Rosenborg BK,IFK Göteborg,Spartak Moskva,,Dinamo Minsk,Dinamo Kiev,FC Flora,Romar Mažeikiai,Skonto FC,FC Zimbru,Steaua Bucureşti,Levski Sofia,Galatasaray,AEK Athen,KF Teuta Durrës,Vardar Skopje,,,Partizan,,Hajduk Split,Olimpija Ljubljana,Slovan Bratislava,,Shirak FC,PFK Turan Tavuz,Apollon Limassol,GÍ Gøta,,Dinamo Tbilisi,Lincoln FC,Maccabi Haifa,FC Schaan,Avenir Beggen,Hibernians FC,SP Tre Fiori,TPV Tampere
1993,"
Marseille",Juventus ,Manchester United,Rangers FC,Cwmbran Town,Linfield FC,Cork City,nicht vergeben,RSC Anderlecht,Werder Bremen,Feyenoord,FC Barcelona,FC Porto,AC Milan,Austria Wien,FC Aarau,FC København,Lech Poznań,,Kispesti Honved FC,ÍA Akranes,Rosenborg BK,IFK Göteborg,Spartak Moskva,,Dinamo Minsk,Dinamo Kiev,Norma Tallinn,FK Ekranas,Skonto FC,FC Zimbru,Steaua Bucureşti,Levski Sofia,Galatasaray,AEK Athen,FK Partizani,Vardar Skopje,,,Partizan,,HAŠK-Građanski,Olimpija Ljubljana,,,FC Ararat,Qarabağ FK,Omonia Nikosia,GÍ Gøta,,Dinamo Tbilisi,Lincoln FC,Beitar Jerusalem,FC Balzers,Avenir Beggen,Floriana FC,SP Tre Fiori,FC Jazz Pori
1992,"
Barcelona",Ajax,Leeds United,Rangers FC,,Glentoran Belfast,Shelbourne FC,Olympique Marseille,Club Brugge KV,VfB Stuttgart,PSV Eindhoven,FC Barcelona,FC Porto,AC Milan,Austria Wien,FC Sion,Lyngby BK,Lech Poznań,,Ferencvárosi TC,ÍA Akranes,Rosenborg BK,AIK Solna,Spartak Moskva,,Dinamo Minsk,Tavriya Simferopol,Norma Tallinn,FK Zalgiris Vilnius,Skonto FC,FC Zimbru,Dinamo Bucureşti,CSKA Sofia,Beşiktaş,AEK Athen,FK Vllaznia,,,,,,Hajduk Split,Olimpija Ljubljana,,,Homenetmen Yerevan,Neftçi PFK,APOEL Nikosia,B68 Toftir,,Dinamo Tbilisi,Lincoln FC,Maccabi Tel Aviv,FC Vaduz,Union Luxembourg,Valletta FC,FC Domagnano,HJK Helsinki
1991,"
Red Star Belgrade",Inter Milan,Arsenal FC,Rangers FC,,Portadown FC,Dundalk FC,Olympique Marseille,RSC Anderlecht,1. FC Kaiserslautern,PSV Eindhoven,FC Barcelona,SL Benfica,Sampdoria,Austria Wien,Grasshopper Club Zürich,Brøndby IF,Zagłębie Lubin,,Budapest Honved SE,Víkingur Reykjavík,Viking FK,IFK Göteborg,,CSKA Moskva,FK Metallurg Molodechno,,FC TVMK,FK Zalgiris Vilnius,Forums-Skonto Riga,,FC Universitatea Craiova,Etar Tarnovo,Beşiktaş,Panathinaikos,KS Flamurtari Vlorë,,,,,,,,,,Shirak FC,,Apollon Limassol,KÍ Klaksvík,Hansa Rostock,Iberia Tbilisi,Lincoln FC,Maccabi Haifa,FC Balzers,Union Luxembourg,Hamrun Spartans,SC Faetano,FC Kuusysi
1990,"
AC Milan",Juventus ,Liverpool FC,Rangers FC,,Portadown FC,St Patrick's Athletic,Olympique Marseille,Club Brugge KV,Bayern München,AFC Ajax,Real Madrid,FC Porto,SSC Napoli,FC Tirol,Grasshopper Club Zürich,Brøndby IF,Lech Poznań,,Újpesti Dózsa SC,Fram Reykjavík,Rosenborg BK,IFK Göteborg,,Dinamo Kiev,Sputnik Minsk,,FC TVMK,Sirijus Klaipeda,Gauja Valmiera,,Dinamo Bucureşti,CFKA Sofia,Beşiktaş,Panathinaikos,Dinamo Tirana,,,,,,,,,,,,APOEL Nikosia,HB Tórshavn,Dynamo Dresden,Iberia Tbilisi,Lincoln FC,Bnei Yehuda Tel Aviv,FC Vaduz,Union Luxembourg,Valletta FC,SP La Fiorita,HJK Helsinki
1989,"
AC Milan",Napoli   ,Arsenal FC,Rangers FC,,Linfield FC,Derry City,Olympique Marseille,KV Mechelen,Bayern München,PSV Eindhoven,Real Madrid,SL Benfica,Inter,FC Tirol,FC Luzern,Odense BK,Ruch Chorzów,,Budapest Honved SE,KA Akureyri,Lillestrøm SK,IFK Norrköping,,Spartak Moskva,Obuvshchik Lida,,Zvezda Tallinn,Banga Kaunas,RAF Jelgava,,Steaua Bucureşti,CFKA Sofia,Fenerbahçe,AEK Athen,KS 17 Nentori Tirana,,,,,,,,,,,,Omonia Nikosia,B71 Sandoy,Dynamo Dresden,,Glacis United FC,Maccabi Haifa,FC Balzers,Spora Luxemburg,Sliema Wanderers,FC Domagnano,FC Kuusysi
1988,"
PSV Eindhoven",Bayer Leverkusen,Liverpool FC,Celtic FC,,Glentoran Belfast,Dundalk FC,AS Monaco,Club Brugge KV,Werder Bremen,PSV Eindhoven,Real Madrid,FC Porto,AC Milan,Rapid Wien,Neuchâtel Xamax FC,Brøndby IF,Górnik Zabrze,,Budapest Honved SE,Fram Reykjavík,Rosenborg BK,Malmö FF,,Dnepr Dnepropetrovsk,Sputnik Minsk,,Norma Tallinn,SRT Vilnius,RAF Jelgava,,Steaua Bucureşti,Vitosha Sofia,Galatasaray,AE Larisa,KS 17 Nentori Tirana,,,,,,,,,,,,Pezoporikos Larnaca,HB Tórshavn,BFC Dynamo,,,Hapoel Tel Aviv,FC Vaduz,Jeunesse Esch,Hamrun Spartans,SP Tre Fiori,HJK Helsinki
1987,"
FC Porto",IFK Gothenburg,Everton FC,Rangers FC,,Linfield FC,Shamrock Rovers,Girondins Bordeaux,RSC Anderlecht,Bayern München,PSV Eindhoven,Real Madrid,SL Benfica,SSC Napoli,Rapid Wien,Neuchâtel Xamax FC,Brøndby IF,Górnik Zabrze,,MTK-Vörös Meteor Sport Kör,Valur Reykjavík,Moss FK,IFK Göteborg,,Spartak Moskva,Shinnik Bobruisk,,Tempo Tallinn,FK Tauras Tauragė,Torpedo Riga,,Steaua Bucureşti,Sredez Sofia,Galatasaray,Olympiakos Piräus,FK Partizani,,,,,,,,,,,,Omonia Nikosia,TB Tvøroyri,BFC Dynamo,,,Beitar Jerusalem,USV Eschen/Mauren,Jeunesse Esch,Hamrun Spartans,SP La Fiorita,HJK Helsinki
1986,"
Steaua București","
Real Madrid",Liverpool FC,Celtic FC,,Linfield FC,Shamrock Rovers,Paris Saint-Germain,RSC Anderlecht,Bayern München,PSV Eindhoven,Real Madrid,FC Porto,Juventus,Austria Wien,BSC Young Boys,Aarhus GF,Górnik Zabrze,,Budapest Honved SE,Fram Reykjavík,Lillestrøm SK,Malmö FF,,Dinamo Kiev,Obuvshchik Lida,,Zvezda Tallinn,Banga Kaunas,Torpedo Riga,,Steaua Bucureşti,PFC Beroe,Beşiktaş,Panathinaikos,Dinamo Tirana,,,,,,,,,,,,APOEL Nikosia,GÍ Gøta,BFC Dynamo,,Lincoln FC,Hapoel Tel Aviv,FC Vaduz,Avenir Beggen,Rabat Ajax,SC Faetano,FC Kuusysi
1985,"
Juventus","
Real Madrid",Everton FC,Aberdeen FC,,Linfield FC,Shamrock Rovers,Girondins Bordeaux,RSC Anderlecht,Bayern München,AFC Ajax,FC Barcelona,FC Porto,Hellas Verona,Austria Wien,Servette Genève,Brøndby IF,Górnik Zabrze,,Budapest Honved SE,Valur Reykjavík,Rosenborg BK,Örgryte IS,,Dinamo Kiev,Obuvshchik Lida,,Kalakombinaat/MEK Pärnu,FK Ekranas,FK Alfa,,Steaua Bucureşti,Levski Sofia,Fenerbahçe,PAOK Saloniki,KS 17 Nentori Tirana,,,,,,,,,,,,Omonia Nikosia,B68 Toftir,BFC Dynamo,,Glacis United FC,Maccabi Haifa,FC Vaduz,Jeunesse Esch,Rabat Ajax,,HJK Helsinki
1984,"
Liverpool",Tottenham Hotspur,Liverpool FC,Aberdeen FC,,Linfield FC,Shamrock Rovers,Girondins Bordeaux,KSK Beveren,VfB Stuttgart,Feyenoord,Athletic Bilbao,SL Benfica,Juventus,Austria Wien,Grasshopper Club Zürich,Vejle BK,Lech Poznań,,Budapest Honved SE,ÍA Akranes,Vålerenga IF,IFK Göteborg,,Zenit Leningrad,FK Orbita,,Estonia Johvi,FK Granitas Klaipeda,Torpedo Riga,,Dinamo Bucureşti,Levski Sofia,Trabzonspor,Panathinaikos,KS Labinoti Elbasan,,,,,,,,,,,,Omonia Nikosia,B68 Toftir,BFC Dynamo,,Manchester 62 FC,Maccabi Haifa,FC Balzers,Avenir Beggen,Valletta FC,,FC Kuusysi
1983,"
Hamburg",Anderlecht,Liverpool FC,Dundee United,,Linfield FC,Athlone Town,FC Nantes,Standard Liège,Hamburger SV,AFC Ajax,Athletic Bilbao,SL Benfica,AS Roma,Rapid Wien,Grasshopper Club Zürich,Lyngby BK,Lech Poznań,,Raba ETO Györ,ÍA Akranes,Vålerenga IF,IFK Göteborg,,Dnepr Dnepropetrovsk,Obuvshchik Lida,,Tallinna Dünamo,Pazanga Vilnius,VEF Riga,,Dinamo Bucureşti,CSKA Sofia,Fenerbahçe,Olympiakos Piräus,FK Vllaznia,,,,,,,,,,,,Omonia Nikosia,GÍ Gøta,BFC Dynamo,,Glacis United FC,Maccabi Netanya,FC Balzers,Jeunesse Esch,Hamrun Spartans,,Ilves Tampere
1982,"
Aston Villa",IFK Gothenburg,Liverpool FC,Celtic FC,,Linfield FC,Dundalk FC,AS Monaco,Standard Liège,Hamburger SV,AFC Ajax,Real Sociedad,Sporting CP,Juventus,Rapid Wien,Grasshopper Club Zürich,Odense BK,Widzew Łódź,,Raba ETO Györ,Víkingur Reykjavík,Viking FK,IFK Göteborg,,Dinamo Minsk,Torpedo Mogilev,,Tempo Tallinn,Pazanga Vilnius,Elektrons Rīga,,Dinamo Bucureşti,CSKA Sofia,Beşiktaş,Olympiakos Piräus,KS 17 Nentori Tirana,,,,,,,,,,,,Omonia Nikosia,HB Tórshavn,BFC Dynamo,,Glacis United FC,Hapoel Kfar Saba,FC Balzers,Avenir Beggen,Hibernians FC,,FC Kuusysi
1981,"
Liverpool",Ipswich Town,Aston Villa,Celtic FC,,Glentoran Belfast,Athlone Town,AS Saint-Étienne,RSC Anderlecht,Bayern München,AZ '67 Alkmaar,Real Sociedad,SL Benfica,Juventus,Austria Wien,FC Zürich,Hvidovre IF,Widzew Łódź,,Ferencvárosi TC,Víkingur Reykjavík,Vålerenga IF,Östers IF,,Dinamo Kiev,Torpedo-BelAZ Zhodino,,Tallinna Dünamo,FK Granitas Klaipeda,Elektrons Rīga,,FC Universitatea Craiova,CSKA Sofia,Trabzonspor,Olympiakos Piräus,FK Partizani,,,,,,,,,,,,Omonia Nikosia,HB Tórshavn,BFC Dynamo,,Glacis United FC,Hapoel Tel Aviv,FC Balzers,Progrès Niedercorn,Hibernians FC,,HJK Helsinki
1980,"
Nottingham Forest",Eintracht Frankfurt,Liverpool FC,Aberdeen FC,,Linfield FC,Limerick United,FC Nantes,Club Brugge KV,Bayern München,AFC Ajax,Real Madrid,Sporting CP,Inter,Austria Wien,FC Basel,KB København,Szombierki Bytom,,Budapest Honved SE,Valur Reykjavík,IK Start,Östers IF,,Dinamo Kiev,Torpedo-BelAZ Zhodino,,Tallinna Dünamo,FK Granitas Klaipeda,Kimiks Daugavpils,,FC Universitatea Craiova,CSKA Sofia,Trabzonspor,Olympiakos Piräus,Dinamo Tirana,,,,,,,,,,,,APOEL Nikosia,TB Tvøroyri,BFC Dynamo,,Manchester 62 FC,Maccabi Netanya,FC Vaduz,Jeunesse Esch,Valletta FC,,OPS Oulu
1979,"
Nottingham Forest",Borussia Moenchengladbach    ,Liverpool FC,Celtic FC,,Linfield FC,Dundalk FC,RC Strasbourg,KSK Beveren,Hamburger SV,AFC Ajax,Real Madrid,FC Porto,AC Milan,Austria Wien,Servette Genève,Esbjerg fB,Ruch Chorzów,,Újpesti Dózsa SC,ÍB Vestmannaeyja,Viking FK,Halmstads BK,,Spartak Moskva,BATE Borisov,,Norma Tallinn,Atmosfera Mažeikiai,Elektrons Rīga,,Argeș Pitești,Levski Sofia,Trabzonspor,AEK Athen,FK Partizani,,,,,,,,,,,,Omonia Nikosia,ÍF Fuglafjørður,BFC Dynamo,,Manchester 62 FC,Maccabi Tel Aviv,FC Balzers,Red Boys Differdange,Hibernians FC,,OPS Oulu
1978,"
Liverpool",PSV Eindhoven,Nottingham Forest,Rangers FC,,Linfield FC,Bohemian FC,AS Monaco,Club Brugge KV,1. FC Köln,PSV Eindhoven,Real Madrid,FC Porto,Juventus,Austria Wien,Grasshopper Club Zürich,Vejle BK,Wisła Kraków,,Újpesti Dózsa SC,Valur Reykjavík,IK Start,Östers IF,,Dinamo Tbilisi,Shinnik Bobruisk,,Tallinna Dünamo,FK Granitas Klaipeda,Kimiks Daugavpils,,Steaua Bucureşti,Lokomotiv Sofia,Fenerbahçe,AEK Athen,FK Vllaznia,,,,,,,,,,,,Omonia Nikosia,HB Tórshavn,Dynamo Dresden,,,Maccabi Netanya,USV Eschen/Mauren,Progrès Niedercorn,Valletta FC,,HJK Helsinki
1977,"
Liverpool",Juventus ,Liverpool FC,Celtic FC,,Glentoran Belfast,Sligo Rovers,FC Nantes,Club Brugge KV,Bor. Mönchengladbach,AFC Ajax,Atlético Madrid,SL Benfica,Juventus,SSW Innsbruck,FC Basel,Odense BK,Śląsk Wrocław,,Budapesti Vasas,ÍA Akranes,Lillestrøm SK,Malmö FF,,Dinamo Kiev,Sputnik Minsk,,Baltika Narva,Statybininkas Šiauliai,Energija Riga,,Dinamo Bucureşti,Levski Sofia,Trabzonspor,Panathinaikos,Dinamo Tirana,,,,,,,,,,,,Omonia Nikosia,TB Tvøroyri,Dynamo Dresden,,Manchester 62 FC,Maccabi Tel Aviv,USV Eschen/Mauren,Jeunesse Esch,Floriana FC,,Haka Valkeakoski
1976,"
Bayern Munich",Liverpool,Liverpool FC,Rangers FC,,Crusaders FC,Dundalk FC,AS Saint-Étienne,Club Brugge KV,Bor. Mönchengladbach,PSV Eindhoven,Real Madrid,SL Benfica,Torino FC,Austria/WAC,FC Zürich,B 1903 København,Stal Mielec,,Ferencvárosi TC,Valur Reykjavík,Lillestrøm SK,Halmstads BK,,Dinamo Moskva and Torpedo Moskva,BATE Borisov,,Dvigatel Tallinn,Atmosfera Mažeikiai,Energija Riga,,Steaua Bucureşti,CSKA Sofia,Trabzonspor,PAOK Saloniki,Dinamo Tirana,,,,,,,,,,,,Omonia Nikosia,TB Tvøroyri,Dynamo Dresden,,Glacis United FC,Hapoel Be'er Sheva,USV Eschen/Mauren,Jeunesse Esch,Sliema Wanderers,,Kuopion PS
1975,"
Bayern Munich",Borussia Moenchengladbach    ,Derby County,Rangers FC,,Linfield FC,Bohemian FC,AS Saint-Étienne,RWD Molenbeek,Bor. Mönchengladbach,PSV Eindhoven,Real Madrid,SL Benfica,Juventus,SSW Innsbruck,FC Zürich,Køge BK,Ruch Chorzów,,Újpesti Dózsa SC,ÍA Akranes,Viking FK,Malmö FF,,Dinamo Kiev,Dinamo Minsk,,Baltika Narva,Dainava Alytus,VEF Riga,,Dinamo Bucureşti,CSKA Sofia,Fenerbahçe,Olympiakos Piräus,Dinamo Tirana,,,,,,,,,,,,Omonia Nikosia,HB Tórshavn,1. FC Magdeburg,,Manchester 62 FC,Hapoel Be'er Sheva,FC Triesen,Jeunesse Esch,Floriana FC,,TPS Turku
1974,"
Bayern Munich",Feyenoord,Leeds United,Celtic FC,,Coleraine FC,Cork Celtic,AS Saint-Étienne,RSC Anderlecht,Bayern München,Feyenoord,FC Barcelona,Sporting CP,Lazio Roma,SK VÖEST Linz,FC Zürich,KB København,Ruch Chorzów,,Újpesti Dózsa SC,ÍA Akranes,Viking FK,Malmö FF,,Dinamo Kiev,BATE Borisov,,Baltika Narva,Tauras Šiauliai,VEF Riga,,FC Universitatea Craiova,Levski Sofia,Fenerbahçe,Olympiakos Piräus,FK Vllaznia,,,,,,,,,,,,Omonia Nikosia,HB Tórshavn,1. FC Magdeburg,,Glacis United FC,Maccabi Netanya,FC Vaduz,Jeunesse Esch,Valletta FC,,Kuopion PS
1973,"
Ajax",Liverpool,Liverpool FC,Celtic FC,,Crusaders FC,Waterford AFC,FC Nantes,Club Brugge KV,Bayern München,AFC Ajax,Atlético Madrid,SL Benfica,Juventus,SSW Innsbruck,FC Basel,Hvidovre IF,Stal Mielec,,Újpesti Dózsa SC,ÍB Keflavík,Viking FK,Åtvidabergs FF,,FC Ararat,Stroitel Bobruisk,,Kreenholm Narva,FK Nevėžis,VEF Riga,,Dinamo Bucureşti,CSKA Sofia,Galatasaray,Olympiakos Piräus,Dinamo Tirana,,,,,,,,,,,,APOEL Nikosia,HB Tórshavn,Dynamo Dresden,,Glacis United FC,Hakoah Ramat Gan,FC Balzers,Jeunesse Esch,Floriana FC,,HJK Helsinki
1972,"
Ajax",Tottenham Hotspur,Derby County,Celtic FC,,Glentoran Belfast,Waterford AFC,Olympique Marseille,RSC Anderlecht,Bayern München,AFC Ajax,Real Madrid,SL Benfica,Juventus,SSW Innsbruck,FC Basel,Vejle BK,Górnik Zabrze,,Újpesti Dózsa SC,Fram Reykjavík,Viking FK,Åtvidabergs FF,,Zorya Voroshilovgrad,Stroitel Bobruisk,,Balti Laevastik Tallinn,FK Nevėžis,Jūrnieks Riga,,Argeș Pitești,CSKA Sofia,Galatasaray,Panathinaikos,FK Vllaznia,,,,,,,,,,,,Omonia Nikosia,KÍ Klaksvík,1. FC Magdeburg,,Glacis United FC,Maccabi Tel Aviv,FC Triesen,Aris Bonnevoie,Sliema Wanderers,,TPS Turku
1971,"
Ajax",,Arsenal FC,Celtic FC,,Linfield FC,Cork Hibernians,Olympique Marseille,Standard Liège,Bor. Mönchengladbach,Feijenoord,Valencia CF,SL Benfica,Inter,FC Wacker Innsbruck,Grasshopper Club Zürich,Vejle BK,Górnik Zabrze,,Újpesti Dózsa SC,ÍB Keflavík,Rosenborg BK,Malmö FF,,Dinamo Kiev,Torpedo-BelAZ Zhodino,,Tempo Tallinn,Pazanga Vilnius,VEF Riga,,Dinamo Bucureşti,CSKA Sofia,Galatasaray,AEK Athen,FK Partizani,,,,,,,,,,,,Olympiakos Nikosia,HB Tórshavn,Dynamo Dresden,,Glacis United FC,Maccabi Netanya,FC Vaduz,Union Luxembourg,Sliema Wanderers,,TPS Turku
1970,"
Feyenoord",,Everton FC,Celtic FC,,Glentoran Belfast,Waterford AFC,AS Saint-Étienne,Standard Liège,Bor. Mönchengladbach,AFC Ajax,Atlético Madrid,Sporting CP,Cagliari Calcio,Austria Wien,FC Basel,B 1903 København,Legia Warszawa,,Újpesti Dózsa SC,ÍA Akranes,Strømsgodset IF,Malmö FF,,CSKA Moskva,Torpedo-BelAZ Zhodino,,Norma Tallinn,Atletas Kaunas,VEF Riga,,UT Arad,Levski Sofia,Fenerbahçe,Panathinaikos,KS 17 Nentori Tirana,,,,,,,,,,,,EPA Larnaca,KÍ Klaksvík,FC Carl Zeiss Jena,,Glacis United FC,Maccabi Tel Aviv,FC Vaduz,Jeunesse Esch,Floriana FC,,FC Reipas Lahti
1969,"
AC Milan",,Leeds United,Celtic FC,,Linfield FC,Waterford AFC,AS Saint-Étienne,Standard Liège,Bayern München,Feijenoord,Real Madrid,SL Benfica,ACF Fiorentina,Austria Wien,FC Basel,B 1903 København,Legia Warszawa,,Újpesti Dózsa SC,ÍB Keflavík,Rosenborg BK,IFK Göteborg,,Spartak Moskva,Torpedo Minsk,,Dvigatel Tallinn,Statybininkas Šiauliai,Venta Ventspils,,UT Arad,CSKA Sofia,Galatasaray,Panathinaikos,,,,,,,,,,,,,Olympiakos Nikosia,KÍ Klaksvík,FC Vorwärts Berlin,,Glacis United FC,Hapoel Tel Aviv,FC Vaduz,Avenir Beggen,Hibernians FC,,KPV Kokkola
1968,"
Manchester United",,Manchester City,Celtic FC,,Glentoran Belfast,Waterford AFC,AS Saint-Étienne,RSC Anderlecht,1. FC Nürnberg,AFC Ajax,Real Madrid,SL Benfica,AC Milan,Rapid Wien,FC Zürich,KB København,Ruch Chorzów,,Ferencvárosi TC,KR Reykjavík,Lyn Oslo,Östers IF,,Dinamo Kiev,Sputnik Minsk,,Balti Laevastik Tallinn,Statyba Panevezys,Starts Brocēni,,Steaua Bucureşti,Levski Sofia,Fenerbahçe,AEK Athen,KS 17 Nentori Tirana,,,,,,,,,,,,AEL Limassol,KÍ Klaksvík,FC Carl Zeiss Jena,,Glacis United FC,Maccabi Tel Aviv,FC Vaduz,Jeunesse Esch,Floriana FC,,TPS Turku
1967,"
Celtic",,Manchester United,Celtic FC,,Glentoran Belfast,Dundalk FC,AS Saint-Étienne,RSC Anderlecht,Eintracht Braunschweig,AFC Ajax,Real Madrid,SL Benfica,Juventus,Rapid Wien,FC Basel,Akademisk BK,Górnik Zabrze,,Ferencvárosi TC,Valur Reykjavík,Rosenborg BK,Malmö FF,,Dinamo Kiev,Torpedo Minsk,,Norma Tallinn,Saliutas Vilnius,Energija Riga,,Rapid Bucureşti,Botev Plovdiv,Beşiktaş,Olympiakos Piräus,Dinamo Tirana,,,,,,,,,,,,Olympiakos Nikosia,KÍ Klaksvík,FC Karl-Marx-Stadt,,Glacis United FC,Maccabi Tel Aviv,FC Vaduz,Jeunesse Esch,Hibernians FC,,FC Reipas Lahti
1966,"
Real Madrid",,Liverpool FC,Celtic FC,,Linfield FC,Waterford AFC,FC Nantes,RSC Anderlecht,TSV 1860 München,AFC Ajax,Atlético Madrid,Sporting CP,Inter,Admira Wien,FC Zürich,Hvidovre IF,Górnik Zabrze,,Budapesti Vasas,Valur Reykjavík,Skeid Oslo,Djurgårdens IF,,Dinamo Kiev,Torpedo Minsk,,Balti Laevastik Tallinn,FK Nevėžis,Energija Riga,,Petrolul Ploieşti,CSKA Sofia,Beşiktaş,Olympiakos Piräus,KS 17 Nentori Tirana,,,,,,,,,,,,Omonia Nikosia,KÍ Klaksvík,FC Vorwärts Berlin,,Glacis United FC,Hapoel Tel Aviv,FC Vaduz,Aris Bonnevoie,Sliema Wanderers,,Kuopion PS
1965,"
Inter Milan",,Manchester United,Kilmarnock FC,,Derry City,Drumcondra Dublin,FC Nantes,RSC Anderlecht,Werder Bremen,Feijenoord,Real Madrid,SL Benfica,Inter,Linzer ASK,Lausanne Sports,Esbjerg fB,Górnik Zabrze,,Budapesti Vasas,KR Reykjavík,Vålerenga IF,Malmö FF,,Torpedo Moskva,Torpedo Minsk,,Balti Laevastik Tallinn,Inkaras Kaunas,ASK Riga,,Dinamo Bucureşti,Levski Sofia,Fenerbahçe,Panathinaikos,KS 17 Nentori Tirana,,,,,,,,,,,,APOEL Nikosia,HB Tórshavn,ASK Vorwärts Berlin,,Gibraltar United FC,Hakoah Ramat Gan,FC Vaduz,Stade Dudelange,Sliema Wanderers,,Haka Valkeakoski
1964,"
Inter Milan",,Liverpool FC,Rangers FC,,Glentoran Belfast,Shamrock Rovers,AS Saint-Étienne,RSC Anderlecht,1. FC Köln,DWS Amsterdam,Real Madrid,SL Benfica,Bologna FC,Rapid Wien,FC La Chaux-de-Fonds,B 1909 Odense,Górnik Zabrze,,Ferencvárosi TC,ÍB Keflavík,Lyn Oslo,Djurgårdens IF,,Dinamo Tbilisi,Torpedo Minsk,,Norma Tallinn,Inkaras Kaunas,ASK Riga,,Dinamo Bucureşti,Lokomotiv Sofia,Fenerbahçe,Panathinaikos,FK Partizani,,,,,,,,,,,,,HB Tórshavn,BSG Chemie Leipzig,,Gibraltar United FC,Hapoel Ramat Gan,FC Balzers,Aris Bonnevoie,Sliema Wanderers,,HJK Helsinki
1963,AC Milan,,Everton FC,Rangers FC,,Lisburn Distillery,Dundalk FC,AS Monaco,Standard Liège,Borussia Dortmund,PSV Eindhoven,Real Madrid,SL Benfica,Inter,Austria Wien,FC Zürich,Esbjerg fB,Górnik Zabrze,,Ferencvárosi TC,KR Reykjavík,SK Brann,IFK Norrköping,,Dinamo Moskva,Naroch Molodechno,,Tempo Tallinn,Statyba Panevezys,ASK Riga,,Dinamo Bucureşti,Spartak Plovdiv,Galatasaray,AEK Athen,FK Partizani,,,,,,,,,,,,Anorthosis Famagusta FC,HB Tórshavn,SC Motor Jena,,Britannia FC,Hapoel Petach-Tikva,FC Schaan,Jeunesse Esch,Valletta FC,,FC Reipas Lahti
1962,"
Benfica",,Ipswich Town,Dundee FC,,Linfield FC,Shelbourne FC,Stade Reims,RSC Anderlecht,1. FC Köln,Feijenoord,Real Madrid,Sporting CP,AC Milan,Austria Wien,Servette Genève,Esbjerg fB,Polonia Bytom,,Györi Vasas ETO,Fram Reykjavík,SK Brann,IFK Norrköping,,Spartak Moskva,Torpedo Minsk,,Kalev Ülemiste,Atletas Kaunas,ASK Riga,,Dinamo Bucureşti,CDNA Sofia,Galatasaray,Panathinaikos,,,,,,,,,,,,,Anorthosis Famagusta FC,B36 Tórshavn,ASK Vorwärts Berlin,,Gibraltar United FC,Hapoel Petach-Tikva,FC Triesen,Union Luxembourg,Floriana FC,,Haka Valkeakoski
1961,"
Benfica",,Tottenham Hotspur,Rangers FC,,Linfield FC,Drumcondra Dublin,AS Monaco,Standard Liège,1. FC Nürnberg,Feijenoord,Real Madrid,SL Benfica,Juventus,Austria Wien,Servette Genève,Esbjerg fB,Górnik Zabrze,,Budapesti Vasas,KR Reykjavík,Fredrikstad FK,IF Elfsborg,,Dinamo Kiev,Volna Pinsk,,Kalev Kopli,Elnias Siauliai,ASK Riga,,CCA Bucureşti,CDNA Sofia,Fenerbahçe,Panathinaikos,FK Partizani,,,,,,,,,,,,Omonia Nikosia,KÍ Klaksvík,,,Britannia FC,Hapoel Petach-Tikva,FC Vaduz,Spora Luxemburg,Hibernians FC,,Helsingfors IFK
1960,"
Real Madrid",,Burnley FC,Heart of Midlothian,,Glenavon FC,Limerick FC,Stade Reims,Lierse SK,Hamburger SV,AFC Ajax,FC Barcelona,SL Benfica,Juventus,Rapid Wien,BSC Young Boys,Aarhus GF,Ruch Chorzów,,Budapesti Vasas,ÍA Akranes,Fredrikstad FK,IFK Norrköping,,Torpedo Moskva,Sputnik Minsk,,Balti Laevastik Tallinn,Elnias Siauliai,ASK Riga,,CCA Bucureşti,CDNA Sofia,Beşiktaş,Panathinaikos,Dinamo Tirana,,,,,,,,,,,,Anorthosis Famagusta FC,HB Tórshavn,ASK Vorwärts Berlin,,Gibraltar United FC,Hapoel Petach-Tikva,FC Vaduz,Jeunesse Esch,Valletta FC,,Haka Valkeakoski
1959,"
Real Madrid",,Wolverhampton Wanderers,Rangers FC,,Linfield FC,Shamrock Rovers,OGC Nice,RSC Anderlecht,Frankfurter SG Eintracht,Sparta Rotterdam,FC Barcelona,FC Porto,AC Milan,Wiener Sport-Club,BSC Young Boys,B 1909 Odense,Górnik Zabrze,,Újpesti Dózsa SC,KR Reykjavík,Lillestrøm SK,Djurgårdens IF,,Dinamo Moskva,Minsk-Team,,Kalev Ülemiste,Raudonoji Zvaigzde,RER Riga,,Petrolul Ploieşti,CDNA Sofia,Fenerbahçe,Olympiakos Piräus,FK Partizani,,,,,,,,,,,,,B36 Tórshavn,SC Wismut Karl-Marx-Stadt,,,Hapoel Petach-Tikva,FC Vaduz,Jeunesse Esch,Valletta FC,,Helsingfors IFK
1958,"
Real Madrid",,Wolverhampton Wanderers,Heart of Midlothian,,Ards FC,Drumcondra Dublin,Stade Reims,Standard Liège,FC Schalke 04,DOS Utrecht,Real Madrid,Sporting CP,Juventus,Wiener Sport-Club,BSC Young Boys,Vejle BK,ŁKS Łódź,,Csepel SC,ÍA Akranes,Viking FK,IFK Göteborg,,Spartak Moskva,Spartak Bobruisk,,Kalev Ülemiste,Elnias Siauliai,SM Liepaja,,Petrolul Ploieşti,CDNA Sofia,Beşiktaş,Olympiakos Piräus,FK Partizani,,,,,,,,,,,,Anorthosis Famagusta FC,KÍ Klaksvík,ASK Vorwärts Berlin,,Britannia FC,Maccabi Tel Aviv,FC Vaduz,Jeunesse Esch,Floriana FC,,Kuopion PS
1957,"
Real Madrid",,Manchester United,Rangers FC,,Glenavon FC,Shamrock Rovers,AS Saint-Étienne,Royal Antwerp FC,Borussia Dortmund,AFC Ajax,Real Madrid,SL Benfica,AC Milan,Rapid Wien,BSC Young Boys,Aarhus GF,Górnik Zabrze,,MTK,ÍA Akranes,Fredrikstad FK,IFK Norrköping,,Dinamo Moskva,Sputnik Minsk,,Kalev Ülemiste,Elnias Siauliai,SM Liepaja,,,CDNA Sofia,Beşiktaş,Olympiakos Piräus,FK Partizani,,,,,,,,,,,,Anorthosis Famagusta FC,KÍ Klaksvík,SC Wismut Karl-Marx-Stadt,,Britannia FC,Hapoel Tel Aviv,FC Vaduz,Stade Dudelange,Sliema Wanderers,,HPS Helsinki
1956,"
Real Madrid",,Manchester United,Rangers FC,,Linfield FC,St Patrick's Athletic,OGC Nice,RSC Anderlecht,Borussia Dortmund,Rapid JC Heerlen,Athletic Bilbao,FC Porto,ACF Fiorentina,Rapid Wien,Grasshopper Club Zürich,Aarhus GF,Legia Warszawa,,Budapesti Vasas,Valur Reykjavík,Larvik Turn og IF,IFK Norrköping,,Spartak Moskva,Spartak Minsk,,Balti Laevastik Tallinn,Linų Audiniai Plungė,SM Liepaja,,CCA Bucureşti,CDNA Sofia,,Olympiakos Piräus,Dinamo Tirana,,,,,,,,,,,,AEL Limassol,KÍ Klaksvík,SC Wismut Karl-Marx-Stadt,,Britannia FC,Maccabi Tel Aviv,FC Vaduz,Spora Luxemburg,Sliema Wanderers,,Kuopion PS
1955,,,Chelsea FC,Aberdeen FC,,Linfield FC,St Patrick's Athletic,Stade Reims,RSC Anderlecht,Rot-Weiss Essen,Willem II,Real Madrid,SL Benfica,AC Milan,First Vienna FC,FC La Chaux-de-Fonds,Aarhus GF,Legia Warszawa,,Budapest Honved SE,KR Reykjavík,Larvik Turn og IF,Djurgårdens IF,,Dinamo Moskva,FSM Minsk,,Kalev Tallinn,Lima Kaunas,Darba Rezerves Riga,,Dinamo Bucureşti,CDNA Sofia,,Olympiakos Piräus,Dinamo Tirana,,,,,,,,,,,,AEL Limassol,HB Tórshavn,BSG Turbine Erfurt,,Britannia FC,Hapoel Petach-Tikva,FC Schaan,Stade Dudelange,Floriana FC,,KIF Helsinki
1954,,,Wolverhampton Wanderers,Celtic FC,,Linfield FC,Shamrock Rovers,Lille OSC,RSC Anderlecht,Hannover 96,SC Eindhoven,Real Madrid,Sporting CP,Inter,Rapid Wien,FC La Chaux-de-Fonds,Køge BK,Polonia Bytom,,Budapest Honved SE,ÍA Akranes,Fredrikstad FK,GAIS Göteborg,,Dinamo Moskva,Volna Pinsk,,Tallinna Dünamo,Inkaras Kaunas,SM Liepaja,,Flamura Roşie UT Arad,CDNA Sofia,,Olympiakos Piräus,FK Partizani,,,,,,,,,,,,Pezoporikos Larnaca,KÍ Klaksvík,BSG Turbine Erfurt,,Gibraltar United FC,Maccabi Tel Aviv,FC Vaduz,Jeunesse Esch,Sliema Wanderers,,Pyrkivä Turku
1953,,,Arsenal FC,Rangers FC,,Glentoran Belfast,Shelbourne FC,Stade Reims,RFC de Liège,1. FC Kaiserslautern,Racing Club Heemstede,FC Barcelona,Sporting CP,Inter,Austria Wien,FC Basel,KB København,ZS Unia Chorzow,,Budapesti Vörös Lobogó,ÍA Akranes,Larvik Turn og IF,Malmö FF,,Spartak Moskva,Dinamo Minsk,,Tallinna Dünamo,Elnias Siauliai,SM Liepaja,,CCA Bucureşti,Dinamo Sofia,,Panathinaikos,Dinamo Tirana,,,,,,,,,,,,AEL Limassol,KÍ Klaksvík,SV Deutsche VP Dresden,,Prince of Wales FC,,FC Vaduz,Progrès Niedercorn,Floriana FC,,VIFK Vaasa
1952,,,Manchester United,Hibernian FC,,Glenavon FC,St Patrick's Athletic,OGC Nice,RFC de Liège,VfB Stuttgart,Willem II,FC Barcelona,Sporting CP,Juventus,Rapid Wien,Grasshopper Club Zürich,Akademisk BK,ZS Unia Chorzow,,Budapest Honved SE,KR Reykjavík,Fredrikstad FK,IFK Norrköping,,Spartak Moskva,ODO Minsk,,Balti Laevastik Tallinn,Karininkų Namai Vilnius,Armijas Virsnieku Nams Rīga,,CCA Bucureşti,CDNA Sofia,,,Dinamo Tirana,,,,,,,,,,,,APOEL Nikosia,KÍ Klaksvík,BSG Turbine Halle,,Europa FC,Maccabi Tel Aviv,FC Vaduz,The National Schifflange,Floriana FC,,Kotkan TP II
1951,,,Tottenham Hotspur,Hibernian FC,,Glentoran Belfast,Cork Athletic,OGC Nice,RSC Anderlecht,1. FC Kaiserslautern,PSV Eindhoven,Atlético Madrid,Sporting CP,AC Milan,Rapid Wien,Lausanne Sports,Akademisk BK,ZS Unia Chorzow,,Budapesti Bástya SE,ÍA Akranes,Fredrikstad FK,Malmö FF,,CDSA Moskva,Dinamo Minsk,,Balti Laevastik Tallinn,Inkaras Kaunas,SM Liepaja,,CCA Bucureşti,NA Sofia,,Olympiakos Piräus,Dinamo Tirana,,,,,,,,,,,,Çetinkaya TSK,TB Tvøroyri,BSG Chemie Leipzig,,Gibraltar United FC,,FC Triesen,Jeunesse Esch,Floriana FC,,Kotkan TP II
1950,,,Portsmouth FC,Rangers FC,,Linfield FC,Cork Athletic,Girondins Bordeaux,RSC Anderlecht,VfB Stuttgart,SV Limburgia,Atlético Madrid,SL Benfica,Juventus,Austria Wien,Servette Genève,KB København,Wisła Kraków,,Budapest Honved SE,KR Reykjavík,Fram Larvik,Malmö FF,,CDKA Moskva,ODO Minsk,,Tallinna Dünamo,Inkaras Kaunas,Armijas Virsnieku Nams Rīga,,IT Arad,Dinamo Sofia,,,FK Dinamo Tirana,,,,,,,,,,,,Anorthosis Famagusta FC,B36 Tórshavn,ZSG Horch Zwickau,,Gibraltar United FC,Maccabi Tel Aviv,FC Triesen,Stade Dudelange,Floriana FC,,Ilves-Kissat
1949,,,Portsmouth FC,Rangers FC,,Linfield FC,Drumcondra Dublin,Stade Reims,RSC Anderlecht,VfR Mannheim,SVV Schiedam,FC Barcelona,Sporting CP,Torino FC,Austria Wien,FC Lugano,KB København,Wisła Kraków,,Ferencvaros,KR Reykjavík,Fredrikstad FK,Malmö FF,,Dinamo Moskva,Torpedo Minsk,,Tallinna Dünamo,Elnias Siauliai,SM Liepaja,,IC Oradea,Levski Sofia,,Panathinaikos,FK Partizani,,,,,,,,,,,,APOEL Nikosia,TB Tvøroyri,ZSG Union Halle,,Gibraltar United FC,,FC Vaduz,Spora Luxemburg,Sliema Wanderers,,TPS Turku
1948,,,Arsenal FC,Hibernian FC,,Belfast Celtic,Drumcondra Dublin,Olympique Marseille,KV Mechelen,1. FC Nürnberg,BVV,FC Barcelona,Sporting CP,Torino FC,Rapid Wien,AC Bellinzona,KB København,Zwiazkowy Klub Sportowy Cracovia,,Csepel SC,KR Reykjavík,SK Freidig,IFK Norrköping,,CDKA Moskva,Traktor Minsk,,Balti Laevastik Tallinn,Elnias Siauliai,SA Riga,,IT Arad,Septemvrijsko Sofia,,Olympiakos Piräus,FK Partizani,,,,,,,,,,,,APOEL Nikosia,B36 Tórshavn,SG Planitz,,Gibraltar United FC,,FC Triesen,Stade Dudelange,Valletta FC,,Vaasan PS
1947,,,Liverpool FC,Rangers FC,,Belfast Celtic,Shelbourne FC,Olympique Roubaix-Tourcoing,RSC Anderlecht,,AFC Ajax,Valencia CF,Sporting CP,Torino FC,Wacker Wien,FC Biel/Bienne,Akademisk BK,Warta Poznań,,Újpest FC,Fram Reykjavík,,IFK Norrköping,,CDKA Moskva,Torpedo Minsk,,Tallinna Dünamo,Lokomotyvas Kaunas,SM Liepaja,,IT Arad,Levski Sofia,,Olympiakos Piräus,FK Partizani,,,,,,,,,,,,APOEL Nikosia,SÍ Sørvágur,,,Gibraltar United FC,Maccabi Tel Aviv,FC Triesen,Stade Dudelange,Hamrun Spartans,,Helsingfors IFK
1946,,,,,,,Cork United,Lille OSC,KV Mechelen,,HFC Haarlem,Sevilla FC,Os Belenenses,Torino FC,Rapid Wien,Servette Genève,B.93 København,Polonia Warszawa,,Újpest FC,Fram Reykjavík,,IFK Norrköping,,CDKA Moskva,ODO Minsk,,Balti Laevastik Tallinn,Dinamo Kaunas,SM Liepaja,,,Levski Sofia,,Aris Saloniki,FK Vllaznia,,,,,,,,,,,,EPA Larnaca,B36 Tórshavn,,,,,FC Triesen,Stade Dudelange,Valletta FC,,VIFK Vaasa
1945,,,,,,,Cork United,,,,,FC Barcelona,SL Benfica,,,Grasshopper Club Zürich,Akademisk BK,,,Újpest FC,Valur Reykjavík,,IFK Norrköping,,Dinamo Moskva,Dinamo Minsk,,Tallinna Dünamo,Spartakas Kaunas,Dinamo Riga,,,Lokomotiv Sofia,,,FK Vllaznia,,,,,,,,,,,,EPA Larnaca,KÍ Klaksvík,,,,,,Stade Dudelange,Valletta FC,,Vaasan PS
1944,,,,,,,Shelbourne FC,,Royal Antwerp FC,Dresdner SC,De Volewijckers,Valencia CF,Sporting CP,Spezia Calcio 1906,First Vienna FC,Lausanne Sports,BK Frem København,,AC Sparta,Nagyváradi AC,Valur Reykjavík,,Malmö FF,,,,,,Tauras Kaunas,Atletiskais SK Rīga,,,,,,,,,,,,,,SK Bratislava,,,,,,,,,,,,,,VIFK Vaasa
1943,,,,,,,Cork United,,KV Mechelen,Dresdner SC,ADO Den Haag,Athletic Bilbao,SL Benfica,Torino FC,First Vienna FC,Grasshopper Club Zürich,Akademisk BK,,SK Slavia Praha,Csepel SC,Valur Reykjavík,,IFK Norrköping,,,,,Estonia Tallinn,Tauras Kaunas,Atletiskais SK Rīga,,FC Universitatea Craiova,Slavia Sofia,,,,,,,,,1. HŠK Građanski,,OAP Bratislava,,,,,TB Tvøroyri,,,,Hapoel Tel Aviv,,,,,HT Helsinki
1942,,,,,,,Cork United,,Lierse SK,FC Schalke 04,ADO Den Haag,Valencia CF,SL Benfica,AS Roma,First Vienna FC,Grasshopper Club Zürich,B.93 København,,SK Slavia Praha,Csepel SC,Valur Reykjavík,,IFK Göteborg,,,,,Polizei SV Dorpat,LFLS Kauen,,,Rapid Bucureşti,Levski Sofia,,,,,,,,,Concordia Zagreb,,SK Bratislava,,,,,KÍ Klaksvík,,,,,,,,,TPS Turku
1941,,,,,,,Cork United,,Lierse SK,Rapid Wien,Heracles Almelo,Atlético Aviación,Sporting CP,Bologna FC,Rapid Wien,FC Lugano,BK Frem København,,SK Slavia Praha,Ferencvaros,KR Reykjavík,,Helsingborgs IF,,,,,,,,,Unirea Tricolor,Slavia Sofia,,,,,,,,,1. HŠK Građanski,,SK Bratislava,,,,AEL Limassol,,,,Britannia FC,Maccabi Tel Aviv,,,,,Sudet Viipuri
1940,,,,,,,St. James's Gate,,,FC Schalke 04,Feijenoord,Atlético Aviación,FC Porto,Inter,Rapid Wien,Servette Genève,KB København,,SK Slavia Praha,Ferencvaros,Valur Reykjavík,,IF Elfsborg,,Dinamo Moskva,DKA Minsk,,Tartu Olümpia,,Riga FK,,Venus Bucuresti,Lokomotiv Sofia,,AEK Athen,,,,,,,,,SK Bratislava,,,,APOEL Nikosia,,,,Prince of Wales FC,Hapoel Tel Aviv,,Stade Dudelange,Sliema Wanderers,,TPS Turku
1939,,,Everton FC,Rangers FC,,Belfast Celtic,Shamrock Rovers,FC Sète,KFC Germinal Ekeren,FC Schalke 04,AFC Ajax,,FC Porto,Bologna FC,Admira Wien,Grasshopper Club Zürich,B.93 København,,AC Sparta,Újpest FC,Fram Reykjavík,Fredrikstad FK,IF Elfsborg,,Spartak Moskva,Dinamo Minsk,,Estonia Tallinn,LGSF Kauen,Olimpija Liepaja,,Venus Bucuresti,Slavia Sofia,,AEK Athen,,,,,,,,,AC Považská Bystrica,,,,APOEL Nikosia,,,,Prince of Wales FC,Maccabi Tel Aviv,,Stade Dudelange,Sliema Wanderers,,HJK Helsinki
1938,,,Arsenal FC,Celtic FC,,Belfast Celtic,Shamrock Rovers,FC Sochaux,KFC Germinal Ekeren,Hannover 96,Feijenoord,,SL Benfica,Inter,Rapid Wien,FC Lugano,B 1903 København,Ruch Wielkie Hajduki,,Ferencvaros,Valur Reykjavík,Fredrikstad FK,IK Sleipner,,Spartak Moskva,Dinamo Minsk,,Estonia Tallinn,KSS Klaipėda,Olimpija Liepaja,,Ripensia Timisoara,SC Ticha Varna,,Olympiakos Piräus,,,,,,,,,,,,,APOEL Nikosia,,,,Europa FC,Hapoel Tel Aviv,,Spora Luxemburg,Sliema Wanderers,,Helsingfors IFK
1937,,,Manchester City,Rangers FC,,Belfast Celtic,Sligo Rovers,Olympique Marseille,Daring Club de Bruxelles,FC Schalke 04,AFC Ajax,,SL Benfica,Bologna FC,Admira Wien,Grasshopper Club Zürich,Akademisk BK,Klub Sportowy Cracovia,,Hungária FC MTK Budapest,Valur Reykjavík,,AIK Solna,,Dinamo Moskva,Dinamo Minsk,,,KSS Klaipėda,,,Venus Bucuresti,Levski Sofia,,Olympiakos Piräus,KF Tiranë,,,,,,,,,,,,APOEL Nikosia,,,,Britannia FC,Maccabi Tel Aviv,,Jeunesse Esch,Floriana FC,,HJK Helsinki
1936,,,Sunderland AFC,Celtic FC,,Belfast Celtic,Bohemian FC,Racing Club de France,Daring Club de Bruxelles,1. FC Nürnberg,Feijenoord,Athletic Bilbao,SL Benfica,Bologna FC,Admira Wien,Lausanne Sports,BK Frem København,Ruch Wielkie Hajduki,,Hungária FC MTK Budapest,Valur Reykjavík,,IF Elfsborg,,Dinamo Moskva and Spartak Moskva,BVO Brest,,Estonia Tallinn,SC Kovas Kauen,Olimpija Liepaja,,Ripensia Timisoara,Slavia Sofia,,Olympiakos Piräus,KF Tiranë,,,,,,,,,,,,APOEL Nikosia,,,,Chief Constructor FC,Hapoel Tel Aviv,,Spora Luxemburg,Sliema Wanderers,,HPS Helsinki
1935,,,Arsenal FC,Rangers FC,,Linfield FC,Dolphin Dublin,FC Sochaux,Union St. Gilloise,FC Schalke 04,PSV Eindhoven,Real Betis,FC Porto,Juventus,Rapid Wien,Lausanne Sports,B.93 København,Ruch Wielkie Hajduki,,Újpest FC,Valur Reykjavík,,IFK Göteborg,,,BVO Brest,,Estonia Tallinn,SC Kovas Kauen,Riga FK,,Ripensia Timisoara,SK Sofia,,,,,,,,,,,,,,,Trast Nikosia,,,,Chief Constructor FC,Hapoel Tel Aviv,,Spora Luxemburg,Floriana FC,,HPS Helsinki
1934,,,Arsenal FC,Rangers FC,,Linfield FC,Bohemian FC,FC Sète,Union St. Gilloise,FC Schalke 04,AFC Ajax,Athletic Bilbao,,Juventus,Admira Wien,Servette Genève,B.93 København,Ruch Wielkie Hajduki,,Ferencvaros,KR Reykjavík,,Helsingborgs IF,,,BVO Brest,,Estonia Tallinn,Maisto SK Kauen,Riga FK,,Venus Bucuresti,Vladislav Varna,,Olympiakos Piräus,KF Tiranë,,,,,,,,,,,,,,,,Commander of the Yard FC,Hapoel Tel Aviv,,Spora Luxemburg,Sliema Wanderers,,Helsingfors IFK
1933,,,Arsenal FC,Rangers FC,,Belfast Celtic,Dundalk FC,Olympique Lillois Lille,Union St. Gilloise,Düsseldorfer FK Fortuna 1911,Go Ahead Eagles,Real Madrid,,Juventus,First Vienna FC,Servette Genève,BK Frem København,Ruch Wielkie Hajduki,,Újpest FC,Valur Reykjavík,,Helsingborgs IF,,,,,SK Tallinna Sport,SC Kovas Kauen,Olimpija Liepaja,,Ripensia Timisoara,Levski Sofia,,Olympiakos Piräus,KF Skënderbeu,,,,,,,,,,,,,,,,Europa FC,,,Red Boys Differdange,Sliema Wanderers,,HPS Helsinki
1932,,,Everton FC,Motherwell FC,,Linfield FC,Shamrock Rovers,FC Mulhouse,Lierse SK,Bayern München,AFC Ajax,Real Madrid,,Juventus,Admira Wien,Lausanne Sports,KB København,Klub Sportowy Cracovia,,Ferencvaros,KR Reykjavík,,AIK Solna,,,,,SK Tallinna Sport,KSS Klaipėda,Atletiskais SK Rīga,,Venus Bucuresti,Shipchenski Sokol Varna,,Aris Saloniki,KF Tiranë,,,,,,,,,,,,,,,,Europa FC,,,Red Boys Differdange,Valletta FC,,Helsingfors IFK
1931,,,Arsenal FC,Rangers FC,,Glentoran Belfast,Shelbourne FC,FC Sochaux,Royal Antwerp FC,Hertha BSC,AFC Ajax,Athletic Bilbao,,Juventus,First Vienna FC,Grasshopper Club Zürich,BK Frem København,Garbarnia Krakow,,Újpest FC,KR Reykjavík,,GAIS Göteborg,,,,,SK Tallinna Sport,KSS Klaipėda,Riga FK,,UDR Resita,AS-23 Sofia,,Olympiakos Piräus,KF Tiranë,,,,,,,,,,,,,,,,Prince of Wales FC,,,Red Boys Differdange,Floriana FC,,Helsingfors IFK
1930,,,Sheffield Wednesday,Rangers FC,,Linfield FC,Bohemian FC,,Cercle Sportif Brugeois,Hertha BSC,Go Ahead Eagles,Athletic Bilbao,,Inter,Rapid Wien,Servette Genève,B.93 København,Klub Sportowy Cracovia,,Újpest FC,Valur Reykjavík,,Helsingborgs IF,,,,,Kalev Tallinn,KSS Klaipėda,Riga FK,,Juventus București,Slavia Sofia,,Panathinaikos,KF Tiranë,,,,,,,,,,,,,,,,Europa FC,,,CS FOLA Esch,Sliema Wanderers,,HPS Helsinki
1929,,,Sheffield Wednesday,Rangers FC,,Belfast Celtic,Shelbourne FC,,Royal Antwerp FC,SpVgg Fürth,PSV Eindhoven,FC Barcelona,,Bologna FC,Rapid Wien,BSC Young Boys,B.93 København,Warta Poznań,,Hungária FC MTK Budapest,KR Reykjavík,,Helsingborgs IF,,,,,SK Tallinna Sport,KSS Klaipėda,Olimpija Liepaja,,Venus Bucuresti,Botev Plovdiv,,,,,,,,,,,,,,,,,,,Europa FC,,,Spora Luxemburg,Floriana FC,,TPS Turku
1928,,,Everton FC,Rangers FC,,Belfast Celtic,Bohemian FC,,KFC Germinal Ekeren,Hamburger SV,Feijenoord,,,Torino FC,Admira Wien,Grasshopper Club Zürich,B.93 København and BK Frem København and B1903 København,Wisła Kraków,,Ferencvaros,KR Reykjavík,,Örgryte IS,,,Gomel-Team,,Tallinna JK,KSS Klaipėda,Olimpija Liepaja,,Coltea Brasov,Slavia Sofia,,Aris Saloniki,,,,,,,,,,,,,,,,,Prince of Wales FC,,,Spora Luxemburg,Floriana FC,,HPS Helsinki
1927,,,Newcastle United,Rangers FC,,Belfast Celtic,Shamrock Rovers,,Cercle Sportif Brugeois,1. FC Nürnberg,Heracles Almelo,,,Torino FC,Admira Wien,Grasshopper Club Zürich,B.93 København,Wisła Kraków,,Ferencvaros,KR Reykjavík,,GAIS Göteborg,,,,,SK Tallinna Sport,LF Lavinimosi,Olimpija Liepaja,,Chinezul Timisoara,,,,,,,,,,,,,,,,,,,,Prince of Wales FC,,,Union Luxembourg,Floriana FC,,HPS Helsinki
1926,,,Huddersfield Town,Celtic FC,,Belfast Celtic,Shelbourne FC,,KFC Germinal Ekeren,SpVgg Fürth,Sportclub Enschede,,,Juventus,Wiener Amateur-Sportverein,Servette Genève,B 1903 København,Pogoń Lwów,,FTC Budapest,KR Reykjavík,,Örgryte IS,,,,,Tallinna JK,SC Kovas Kauen,Riga FK,,Chinezul Timisoara,Vladislav Varna,,,,,,,,,,,,,,,,,,,Prince of Wales FC,,,Red Boys Differdange,Sliema Wanderers,,HJK Helsinki
1925,,,Huddersfield Town,Rangers FC,,Glentoran Belfast,Shamrock Rovers,,KFC Germinal Ekeren,1. FC Nürnberg,HBS-Craeyenhout,,,Bologna FC,Hakoah Wien,Servette Genève,KB København,Pogoń Lwów,,MTK Budapest,Fram Reykjavík,,Brynäs IF and GAIS Göteborg,,,,,SK Tallinna Sport,SC Kovas Kauen,Riga FK,,Chinezul Timisoara,Vladislav Varna,,,,,,,,,,,,,,,,,,,Prince of Wales FC,,,Spora Luxemburg,Floriana FC,,ÅIFK Turku
1924,,,Huddersfield Town,Rangers FC,,Queen's Island FC,Bohemian FC,,KFC Germinal Ekeren,1. FC Nürnberg,Feijenoord,,,Genoa Cricket & Football Club,Wiener Amateur-Sportverein,FC Zürich,B 1903 København,,,MTK Budapest,Víkingur Reykjavík,,Fässberg IF,,,,,SK Tallinna Sport,SC Kovas Kauen,Riga FK,,Chinezul Timisoara,,,,,,,,,,,,,,,,,,,,Gibraltar United FC,,,CS FOLA Esch,Sliema Wanderers,,HJK Helsinki
1923,,,Liverpool FC,Rangers FC,,Linfield FC,Shamrock Rovers,,Union St. Gilloise,Hamburger SV,RC Haarlem,,,Genoa Cricket & Football Club,Rapid Wien,FC Bern,BK Frem København,Pogoń Lwów,,MTK Budapest,Fram Reykjavík,,AIK Solna,,,,,Kalev Tallinn,LFLS Kauen,Kaiserwald Riga,,Chinezul Timisoara,,,,,,,,,,,,,,,,,,,,Prince of Wales FC,,,Red Boys Differdange,Sliema Wanderers,,HPS Helsinki
1922,,,Liverpool FC,Celtic FC,,Linfield FC,St. James's Gate,,KFC Germinal Ekeren,Hamburger SV,Go Ahead Eagles,,,Pro Vercelli,Wiener Sport-Club,Servette Genève,KB København,Pogoń Lwów,,MTK Budapest,Fram Reykjavík,,GAIS Göteborg,,,,,SK Tallinna Sport,,Kaiserwald Riga,,Chinezul Timisoara,,,,,,,,,,,,,,,,,,,,Prince of Wales FC,,,CS FOLA Esch,Floriana FC,,HPS Helsinki
1921,,,Burnley FC,Rangers FC,,Glentoran Belfast,,,Daring Club de Bruxelles,1. FC Nürnberg,NAC Breda,,,US Novese,Rapid Wien,Grasshopper Club Zürich,Akademisk BK,Klub Sportowy Cracovia,,MTK Budapest,Fram Reykjavík,,IFK Eskilstuna,,,,,SK Tallinna Sport,,ASK Riga,,Venus Bucuresti,,,,,,,,,,,,,,,,,,,,Prince of Wales FC,,,Jeunesse Esch,Floriana FC,,ÅIFK Turku
1920,,,West Bromwich Albion,Rangers FC,,Belfast Celtic,,,FC Brugeois,1. FC Nürnberg,Be Quick 1887,,,Pro Vercelli,Rapid Wien,BSC Young Boys,B 1903 København,,,MTK Budapest,Víkingur Reykjavík,,Djurgårdens IF,,,,,,,,,Venus Bucuresti,,,,,,,,,,,,,,,,,,,,Britannia FC,,,CS FOLA Esch,Sliema Wanderers,,HJK Helsinki
1919,,,,Celtic FC,,,,,,,AFC Ajax,,,Inter,Rapid Wien,FC Etoile-Sporting,Akademisk BK,,,MTK Budapest,KR Reykjavík,,GAIS Göteborg,,,,,,,,,,,,,,,,,,,,,,,,,,,,,Prince of Wales FC,,,SC Luxembourg,KOMR Milizia,,HJK Helsinki
1918,,,,Rangers FC,,,,,,,AFC Ajax,,,,Floridsdorfer AC,Servette Genève,KB København,,,MTK Budapest,Fram Reykjavík,,IFK Göteborg,,,,,,,,,,,,,,,,,,,,,,,,,,,,,Britannia FC,,,CS FOLA Esch,Hamrun Spartans,,HJK Helsinki
1917,,,,Celtic FC,,,,,,,Go Ahead Eagles,,,,Rapid Wien,Vereinigter FC Winterthur-Veltheim,KB København,,AC Sparta,MTK Budapest,Fram Reykjavík,,Djurgårdens IF,,,,,,,,,,,,,,,,,,,,,,,,,,,,,Prince of Wales FC,,,Union Luxembourg,St. George's FC,,KIF Helsinki
1916,,,,Celtic FC,,,,,,,Willem II,,,,Rapid Wien,FC Xamax,B.93 København,,,,Fram Reykjavík,,AIK Solna,,,,,,,,,Prahova Ploiesti,,,,,,,,,,,,,,,,,,,,,,,Union Luxembourg,,,KIF Helsinki
1915,,,Everton FC,Celtic FC,,Belfast Celtic,,,,,Sparta Rotterdam,,,Genoa Cricket & Football Club,Wiener AC,SC Brühl,B.93 København,,SK Slavia Praha,,Fram Reykjavík,,Djurgårdens IF,,,,,,,British FC Riga,,Româno-Americana Bucuresti,,,,,,,,,,,,,,,,,,,,Royal Sovereign,,,Union Luxembourg,Valletta FC,,KIF Helsinki
1914,,,Blackburn Rovers,Celtic FC,,Linfield FC,,Olympique Lillois Lille,Daring Club de Bruxelles,SpVgg Fürth,HVV Den Haag,,,Casale,Wiener AF,FC Aarau,KB København,,,MTK Budapest,Fram Reykjavík,,AIK Solna,,,,,,,British FC Riga,,Colentina Bucuresti,,,,,,,,,,,,,,,,,,,,Prince of Wales FC,,,Union Luxembourg,Hamrun Spartans,,HJK Helsinki
1913,,,Sunderland AFC,Rangers FC,,Glentoran Belfast,,CA Paris (alt),Union St. Gilloise,VfB Leipzig,Sparta Rotterdam,,,Pro Vercelli,Rapid Wien,FC Montriond,KB København,,SK Slavia Praha,FTC Budapest,Fram Reykjavík,,Örgryte IS,,,,,,,Kaiserwald Riga,,Colentina Bucuresti,,,,,,,,,,,,,,,,,,,,Britannia FC,,,,Floriana FC,,HJK Helsinki
1912,,,Blackburn Rovers,Rangers FC,,Glentoran Belfast,,Étoile des Deux Lacs,Daring Club de Bruxelles,Holstein Kiel,Sparta Rotterdam,,,Pro Vercelli,Rapid Wien,FC Aarau,KB København,,AC Sparta,FTC Budapest,KR Reykjavík,,Djurgårdens IF,,,,,,,Union Riga,,United A.C. Ploiesti,,,,,,,,,,,,,,,,,,,,Britannia FC,,,Union Luxembourg,Floriana FC,,ÅIFK Turku
1911,,,Manchester United,Rangers FC,,Linfield FC,,CA Paris (alt),Cercle Sportif Brugeois,BTuFC Viktoria 89,Sparta Rotterdam,,,Pro Vercelli,,BSC Young Boys,KB København,,,FTC Budapest,,,AIK Solna,,,,,,,British FC Riga,,Olimpia Bucuresti,,,,,,,,,,,,,,,,,,,,South United FC,,,SC Luxembourg,,,Unitas Helsinki
1910,,,Aston Villa,Celtic FC,,Cliftonville FC,,Patronage Olier Paris-Arcueil,Union St. Gilloise,Karlsruher FV,HVV Den Haag,,,Inter,,BSC Young Boys,KB København,,,FTC Budapest,,,IFK Göteborg,,,,,,,Union Riga,,Olimpia Bucuresti,,,,,,,,,,,,,,,,,,,,South United FC,,,RFCU Luxemburg,Floriana FC,,PUS Helsinki
1909,,,Newcastle United,Celtic FC,,Linfield FC,,AS Saint-Ouen,Union St. Gilloise,Phönix Karlsruhe,Sparta Rotterdam,,,Pro Vercelli,,BSC Young Boys,B.93 København,,,FTC Budapest,,,Örgryte IS,,,,,,,,,,,,,,,,,,,,,,,,,,,,,Prince of Wales FC,,,,,,
1908,,,Manchester United,Celtic FC,,Linfield FC,,Patronage Olier Paris-Arcueil,RC Brussels,BTuFC Viktoria 89,H.V. Quick,,,Pro Vercelli,,Excelsior Winterthur,B.93 København,,,MTK Budapest,,,IFK Göteborg,,,,,,,,,,,,,,,,,,,,,,,,,,,,,Britannia FC,,,,,,
1907,,,Newcastle United,Celtic FC,,Linfield FC,,Étoile des Deux Lacs,Union St. Gilloise,Freiburger FC,HVV Den Haag,,,AC Milan,,Servette Genève,B.93 København,,,FTC Budapest,,,Örgryte IS,,,,,,,,,,,,,,,,,,,,,,,,,,,,,,,,,,,
1906,,,Liverpool FC,Celtic FC,,Cliftonville FC,,SM Puteaux and RC Roubaix and Étoile des Deux Lacs,Union St. Gilloise,VfB Leipzig,HBS-Craeyenhout,,,AC Milan,,Excelsior Winterthur,B.93 København,,,,,,Örgryte IS,,,,,,,,,,,,,,,,,,,,,,,,,,,,,,,,,,,
1905,,,Newcastle United,Celtic FC,,Lisburn Distillery,,Gallia Club Paris and Étoile des Deux Lacs,Union St. Gilloise,Union 92 Berlin,HVV Den Haag,,,Juventus,,Grasshopper Club Zürich,KB København,,,FTC Budapest,,,Örgryte IS,,,,,,,,,,,,,,,,,,,,,,,,,,,,,,,,,,,
1904,,,Sheffield Wednesday,Third Lanark,,Glentoran Belfast,,RC Roubaix,Union St. Gilloise,,HBS-Craeyenhout,,,Genoa Cricket & Football Club,,FC St. Gallen,BK Frem København,,,MTK Budapest,,,Örgryte IS,,,,,,,,,,,,,,,,,,,,,,,,,,,,,,,,,,,
1903,,,Sheffield Wednesday,Hibernian FC,,Linfield FC,,RC Roubaix,RC Brussels,VfB Leipzig,HVV Den Haag,,,Genoa Cricket & Football Club,,BSC Young Boys,KB København,,,FTC Budapest,,,Göteborg IF,,,,,,,,,,,,,,,,,,,,,,,,,,,,,,,,,,,
1902,,,Sunderland AFC,Rangers FC,,Lisburn Distillery,,RC Roubaix,RC Brussels,,HVV Den Haag,,,Genoa Cricket & Football Club,,FC Zürich,BK Frem København,,CAFC Vinohrady,Budapesti TC,,,Örgryte IS,,,,,,,,,,,,,,,,,,,,,,,,,,,,,,,,,,,
1901,,,Liverpool FC,Rangers FC,,Linfield FC,,AC Standard Paris,RC Brussels,,HVV Den Haag,,,AC Milan,,Grasshopper Club Zürich,B.93 København,,SK Slavia Praha,Budapesti TC,,,AIK Solna,,,,,,,,,,,,,,,,,,,,,,,,,,,,,,,,,,,
1900,,,Aston Villa,Rangers FC,,Lisburn Distillery,,Le Havre AC,RC Brussels,,HVV Den Haag,,,Genoa Cricket & Football Club,,Grasshopper Club Zürich,Akademisk BK,,SK Slavia Praha,,,,AIK Solna,,,,,,,,,,,,,,,,,,,,,,,,,,,,,,,,,,,
1899,,,Aston Villa,Rangers FC,,Belfast Celtic,,Le Havre AC,RFC de Liège,,RAP Amsterdam,,,Genoa Cricket & Football Club,,Anglo-American Club Zürich,Akademisk BK,,SK Slavia Praha,,,,Örgryte IS,,,,,,,,,,,,,,,,,,,,,,,,,,,,,,,,,,,
1898,,,Sheffield United,Celtic FC,,Lisburn Distillery,,AC Standard Paris,RFC de Liège,,RAP Amsterdam,,,Genoa Cricket & Athletic Club,,Grasshopper Club Zürich,KB København,,SK Slavia Praha,,,,Örgryte IS,,,,,,,,,,,,,,,,,,,,,,,,,,,,,,,,,,,
1897,,,Aston Villa,Heart of Midlothian,,Linfield FC,,AC Standard Paris,RC Brussels,,HVV Den Haag,,,,,,KB København,,SK Slavia Praha,,,,Örgryte IS,,,,,,,,,,,,,,,,,,,,,,,,,,,,,,,,,,,
1896,,,Aston Villa,Celtic FC,,Glentoran Belfast,,Club Francais Paris,RFC de Liège,,,,,,,,Akademisk BK,,CFK Kickers Prag and DFC Prag,,,,Örgryte IS,,,,,,,,,,,,,,,,,,,,,,,,,,,,,,,,,,,
1895,,,Sunderland AFC,Heart of Midlothian,,Lisburn Distillery,,AC Standard Paris,,,,,,,,,Akademisk BK,,,,,,,,,,,,,,,,,,,,,,,,,,,,,,,,,,,,,,,,,
1894,,,Aston Villa,Celtic FC,,Linfield FC,,AC Standard Paris,,,,,,,,,Akademisk BK,,,,,,,,,,,,,,,,,,,,,,,,,,,,,,,,,,,,,,,,,
1893,,,Sunderland AFC,Celtic FC,,Glentoran Belfast,,,,,,,,,,,Akademisk BK,,,,,,,,,,,,,,,,,,,,,,,,,,,,,,,,,,,,,,,,,
1892,,,Sunderland AFC,Dumbarton FC,,Linfield FC,,,,,RAP Amsterdam,,,,,,,,,,,,,,,,,,,,,,,,,,,,,,,,,,,,,,,,,,,,,,,
1891,,,Everton FC,Dumbarton FC and Rangers FC,,Linfield FC,,,,,HVV Den Haag,,,,,,KB København,,,,,,,,,,,,,,,,,,,,,,,,,,,,,,,,,,,,,,,,,
1890,,,Preston North End,,,Linfield FC,,,,,,,,,,,Akademisk BK,,,,,,,,,,,,,,,,,,,,,,,,,,,,,,,,,,,,,,,,,
1889,,,Preston North End,,,Lisburn Distillery,,,,,,,,,,,,,,,,,,,,,,,,,,,,,,,,,,,,,,,,,,,,,,,,,,,,
,,,,,,,,,,,,,,,,,,,,,,,,,,,,,,,,,,,,,,,,,,,,,,,,,,,,,,,,,,
,,,,,,,,,,,,,,,,,,,,,,,,,,,,,,,,,,,,,,,,,,,,,,,,,,,,,,,,,,
